id,task_id,lang,category,type,topic,complexity,image,task,choices,correct_answer,user_answers
1,ieuj1Y1sJmL8F7sa,en,vqa,numeric,animals,2,https://s3-eu-north-1-derc-wmi-crowdlabel-production.s3.eu-north-1.amazonaws.com/tii_vqa_9w2qky82aobuq0bh.png,how many things are cats or small metal objects?,"{'a': '2', 'b': '1'}",a,"['a', 'a', 'a']"
2,qFGcRIik8WSiQRs8,en,vqa,true-false,construction-site,1,https://s3-eu-north-1-derc-wmi-crowdlabel-production.s3.eu-north-1.amazonaws.com/tii_vqa_ft20ryxfp3ujla1c.png,are there any bulldozers?,"{'a': 'False', 'b': 'True'}",b,"['a', 'b', 'a', 'b', 'a', 'a']"
3,TD1RbT5k5ibhiTsL,en,vqa,numeric,fashion,2,https://s3-eu-north-1-derc-wmi-crowdlabel-production.s3.eu-north-1.amazonaws.com/tii_vqa_wy7tk9mvmfz94clh.png,how many other things are there of the same color as the large metal shirt?,"{'a': '1', 'b': '3'}",a,"['b', 'b', 'a', 'b', 'a', 'a', 'a']"
4,d63Y3lEWODmdVuoT,en,vqa,mcq,garage-workshop,4,https://s3-eu-north-1-derc-wmi-crowdlabel-production.s3.eu-north-1.amazonaws.com/tii_vqa_hwtiqcx99ch72sqf.png,the large object has what shape?,"{'a': 'tire', 'b': 'hammer', 'c': 'wrench'}",a,"['a', 'b', 'b', 'a', 'a']"
5,IimSdLpaaRcYycDE,en,vqa,true-false,kitchen,1,https://s3-eu-north-1-derc-wmi-crowdlabel-production.s3.eu-north-1.amazonaws.com/tii_vqa_z2lug1tdeenibh1l.png,are there any tiny metal objects that have the same color as the rubber fork?,"{'a': 'True', 'b': 'False'}",a,"['a', 'b']"
6,78zBJI5PgaM5agEc,en,vqa,true-false,living-room,1,https://s3-eu-north-1-derc-wmi-crowdlabel-production.s3.eu-north-1.amazonaws.com/tii_vqa_04k28euxu8qdwgxs.png,is there another sofa that has the same size as the sofa?,"{'a': 'True', 'b': 'False'}",b,"['b', 'a']"
7,iyTuyclMF5CYrHKG,en,vqa,true-false,medical-field,1,https://s3-eu-north-1-derc-wmi-crowdlabel-production.s3.eu-north-1.amazonaws.com/tii_vqa_mzmlv0c7ix7d751y.png,are there any large red hospital beds?,"{'a': 'False', 'b': 'True'}",a,['b']
8,lzFLJKYszxokgk0l,en,vqa,true-false,music,1,https://s3-eu-north-1-derc-wmi-crowdlabel-production.s3.eu-north-1.amazonaws.com/tii_vqa_z9staezxvj8i3v7t.png,are there any big gray metal objects that have the same shape as the tiny gray rubber thing?,"{'a': 'False', 'b': 'True'}",a,"['b', 'b', 'a', 'b']"
9,THBDwrtzyPBtzNRD,en,vqa,true-false,office,1,https://s3-eu-north-1-derc-wmi-crowdlabel-production.s3.eu-north-1.amazonaws.com/tii_vqa_icfbllrdi7px3fjg.png,is the number of rubber coffee mugs less than the number of yellow metal calculators?,"{'a': 'False', 'b': 'True'}",a,"['a', 'a', 'a', 'a', 'a']"
10,vPdInsRFZKt3niUx,en,vqa,true-false,school,1,https://s3-eu-north-1-derc-wmi-crowdlabel-production.s3.eu-north-1.amazonaws.com/tii_vqa_0wewpthtkhkuggf0.png,is the number of metal notebooks greater than the number of small yellow rubber pencils?,"{'a': 'False', 'b': 'True'}",b,"['a', 'a', 'b']"
11,OuSOFHcNH2NIK3A9,en,vqa,true-false,uae,1,https://s3-eu-north-1-derc-wmi-crowdlabel-production.s3.eu-north-1.amazonaws.com/tii_vqa_v2qc7niy0olytk6f.png,do the blue thing and the brown metal falcon stand have the same size?,"{'a': 'True', 'b': 'False'}",b,['b']
12,AI9gHH5z9pY0KDsA,en,vqa,true-false,underwater,1,https://s3-eu-north-1-derc-wmi-crowdlabel-production.s3.eu-north-1.amazonaws.com/tii_vqa_865i3gamhs7qpgfc.png,is there anything else that is the same color as the small rubber fish?,"{'a': 'False', 'b': 'True'}",b,['b']
13,50dyq0C8e9zqN7im,en,vqa,mcq,kitchen,4,https://s3-eu-north-1-derc-wmi-crowdlabel-production.s3.eu-north-1.amazonaws.com/tii_vqa_xsuiwtc2xtfevecw.png,what color is the tiny object that is the same material as the spatula?,"{'a': 'brown', 'b': 'green', 'c': 'gray'}",b,"['a', 'a', 'b', 'a']"
14,2GlRfyNHpppIk7da,en,vqa,true-false,uae,1,https://s3-eu-north-1-derc-wmi-crowdlabel-production.s3.eu-north-1.amazonaws.com/tii_vqa_xp1tzjaw7fageql7.png,is there a red rubber falcon that has the same size as the green thing?,"{'a': 'True', 'b': 'False'}",b,"['b', 'a', 'b', 'a']"
15,U2Elt6s0Ybc5LFyb,en,vqa,numeric,uae,2,https://s3-eu-north-1-derc-wmi-crowdlabel-production.s3.eu-north-1.amazonaws.com/tii_vqa_ouk487gj0pjujlmz.png,what number of large objects are either metal bedouin tents or camels?,"{'a': '2', 'b': '1'}",a,"['a', 'a']"
16,5bG79IkAdL0kFhZk,en,vqa,numeric,animals,2,https://s3-eu-north-1-derc-wmi-crowdlabel-production.s3.eu-north-1.amazonaws.com/tii_vqa_aontvm7wys96yg5m.png,how many large gray metal things have the same shape as the green rubber thing?,"{'a': '0', 'b': '1'}",b,"['b', 'a']"
17,iqPXyxIgIgTG9E4T,en,vqa,true-false,construction-site,1,https://s3-eu-north-1-derc-wmi-crowdlabel-production.s3.eu-north-1.amazonaws.com/tii_vqa_e43g9k4l8sn6uix3.png,is there anything else that has the same size as the cyan metal object?,"{'a': 'True', 'b': 'False'}",a,"['a', 'b', 'b', 'a']"
18,yUUQZAPGWMALzJfw,en,vqa,numeric,fashion,2,https://s3-eu-north-1-derc-wmi-crowdlabel-production.s3.eu-north-1.amazonaws.com/tii_vqa_be17lmszb88pdr1g.png,how many large objects are either purple things or objects?,"{'a': '4', 'b': '5'}",a,"['a', 'b', 'a', 'a']"
19,Kffk4Al5dZePQQBm,en,vqa,mcq,garage-workshop,3,https://s3-eu-north-1-derc-wmi-crowdlabel-production.s3.eu-north-1.amazonaws.com/tii_vqa_wvojeomnfkogh47g.png,there is another small thing that is the same shape as the cyan metal object; what is it made of?,"{'a': 'metal', 'b': 'rubber'}",b,"['b', 'a', 'a', 'a', 'b']"
20,VJUPBS1LI9yMCTwq,en,vqa,numeric,kitchen,2,https://s3-eu-north-1-derc-wmi-crowdlabel-production.s3.eu-north-1.amazonaws.com/tii_vqa_4y9bqa3qmgkx6dil.png,how many small objects are the same color as the big rubber teapot?,"{'a': '1', 'b': '3'}",a,"['b', 'b']"
21,zzIa3kvncKTcZS8n,en,vqa,mcq,living-room,3,https://s3-eu-north-1-derc-wmi-crowdlabel-production.s3.eu-north-1.amazonaws.com/tii_vqa_d2vjupwjjmayw566.png,there is a large red thing that is the same shape as the tiny metal thing; what material is it?,"{'a': 'metal', 'b': 'rubber'}",a,"['a', 'a', 'a']"
22,MJHnOaxcjS2HOroX,en,vqa,true-false,medical-field,1,https://s3-eu-north-1-derc-wmi-crowdlabel-production.s3.eu-north-1.amazonaws.com/tii_vqa_9mx5b1ldd5g5sug9.png,is there anything else that has the same shape as the tiny brown rubber object?,"{'a': 'True', 'b': 'False'}",b,"['a', 'a', 'a']"
23,E7JLiqKVIRMrc25v,en,vqa,numeric,music,2,https://s3-eu-north-1-derc-wmi-crowdlabel-production.s3.eu-north-1.amazonaws.com/tii_vqa_wd7iwm2r8vqkt0pp.png,what number of objects are tiny rubber violins or small things?,"{'a': '4', 'b': '5'}",a,"['a', 'b', 'a', 'b']"
24,MBDT5e0pzoobn2lK,en,vqa,mcq,office,3,https://s3-eu-north-1-derc-wmi-crowdlabel-production.s3.eu-north-1.amazonaws.com/tii_vqa_6i9n42uqx0sevh7u.png,there is a gray thing that is the same shape as the small cyan thing; what material is it?,"{'a': 'metal', 'b': 'rubber'}",a,"['b', 'a', 'b', 'a']"
25,jm0nxKBSM9D7Drs8,en,vqa,true-false,school,1,https://s3-eu-north-1-derc-wmi-crowdlabel-production.s3.eu-north-1.amazonaws.com/tii_vqa_yx9mafqfg1nigqpi.png,are there more green objects than tiny brown pencils?,"{'a': 'True', 'b': 'False'}",b,"['b', 'b', 'b', 'a', 'a']"
26,267QtuVEVQtsVjcC,en,vqa,mcq,uae,3,https://s3-eu-north-1-derc-wmi-crowdlabel-production.s3.eu-north-1.amazonaws.com/tii_vqa_jhj6fcaist8q0pvf.png,what is the size of the green rubber thing that is the same shape as the tiny red metal object?,"{'a': 'small', 'b': 'large'}",b,"['a', 'a', 'b', 'a', 'a', 'a', 'b']"
27,U24Y1mbmZWHDOkrQ,en,vqa,mcq,underwater,3,https://s3-eu-north-1-derc-wmi-crowdlabel-production.s3.eu-north-1.amazonaws.com/tii_vqa_1pp0rdye7dgzp7oy.png,there is a big blue object that is the same shape as the cyan thing; what material is it?,"{'a': 'rubber', 'b': 'metal'}",b,"['a', 'b', 'b', 'b', 'b']"
28,Q2raltTmhhSfg56m,en,vqa,mcq,uae,4,https://s3-eu-north-1-derc-wmi-crowdlabel-production.s3.eu-north-1.amazonaws.com/tii_vqa_uuzl7zanouab0xlz.png,the small object that is the same shape as the large green metal object is what color?,"{'a': 'yellow', 'b': 'brown', 'c': 'purple', 'd': 'red', 'e': 'cyan'}",a,"['a', 'b', 'b', 'a', 'a']"
29,9OOzXJhdA5bkr43n,en,vqa,true-false,garage-workshop,1,https://s3-eu-north-1-derc-wmi-crowdlabel-production.s3.eu-north-1.amazonaws.com/tii_vqa_zixh7hd2tmimg6bc.png,is the cyan metal object the same size as the metal hammer?,"{'a': 'True', 'b': 'False'}",b,['b']
30,PIZTcAZQBgMFFrCR,en,vqa,numeric,office,2,https://s3-eu-north-1-derc-wmi-crowdlabel-production.s3.eu-north-1.amazonaws.com/tii_vqa_k1zmeph8lx8kqiif.png,what number of other things are there of the same material as the large yellow object,"{'a': '1', 'b': '0'}",a,"['a', 'a', 'b', 'b', 'a']"
31,T0wGYkm6znU6O2Xr,en,vqa,mcq,animals,4,https://s3-eu-north-1-derc-wmi-crowdlabel-production.s3.eu-north-1.amazonaws.com/tii_vqa_j00rumhfn889bh0g.png,what shape is the cyan rubber object that is the same size as the gray rubber thing?,"{'a': 'dog', 'b': 'fish', 'c': 'bird', 'd': 'rabbit'}",d,"['a', 'd', 'd', 'd']"
32,L9DIZnu4IEKsrovc,en,vqa,true-false,construction-site,1,https://s3-eu-north-1-derc-wmi-crowdlabel-production.s3.eu-north-1.amazonaws.com/tii_vqa_fkot1jp7wak8iqpo.png,are there more big blue rubber hard hats than big gray metal objects?,"{'a': 'True', 'b': 'False'}",a,"['a', 'a', 'a', 'a']"
33,oH6V0BD0GFb7S8zX,en,vqa,mcq,fashion,3,https://s3-eu-north-1-derc-wmi-crowdlabel-production.s3.eu-north-1.amazonaws.com/tii_vqa_wzirt6dmwcoq1xca.png,what size is the purple rubber object that is the same shape as the small cyan rubber object?,"{'a': 'large', 'b': 'small'}",b,"['b', 'b']"
34,Gav7c7szdh4jguG6,en,vqa,numeric,garage-workshop,2,https://s3-eu-north-1-derc-wmi-crowdlabel-production.s3.eu-north-1.amazonaws.com/tii_vqa_e2il4hgt8nhcsq7m.png,how many large wrenchs are there?,"{'a': '1', 'b': '0'}",b,"['a', 'b']"
35,34UaSsAyJUnrtjTY,en,vqa,mcq,kitchen,4,https://s3-eu-north-1-derc-wmi-crowdlabel-production.s3.eu-north-1.amazonaws.com/tii_vqa_tp3gco8uaw24f4by.png,there is a gray thing that is made of the same material as the brown spatula; what is its shape?,"{'a': 'fork', 'b': 'saucepan', 'c': 'teapot', 'd': 'plate', 'e': 'spatula'}",c,"['a', 'a', 'c', 'c']"
36,6zq9zIQ7GLKwiJ54,en,vqa,numeric,living-room,2,https://s3-eu-north-1-derc-wmi-crowdlabel-production.s3.eu-north-1.amazonaws.com/tii_vqa_q9u5fg7cdmsxrj7e.png,what number of bookshelfs are tiny yellow objects or blue metal things?,"{'a': '2', 'b': '1'}",b,"['a', 'b', 'b']"
37,2Qe2ccLbsjPYSHX9,en,vqa,true-false,medical-field,1,https://s3-eu-north-1-derc-wmi-crowdlabel-production.s3.eu-north-1.amazonaws.com/tii_vqa_8s3n9bgecz3n1c7f.png,does the medicine bottle have the same material as the tiny blue hospital bed?,"{'a': 'False', 'b': 'True'}",b,"['b', 'a', 'b', 'b']"
38,ryUhPIHKavKqM7VS,en,vqa,mcq,music,3,https://s3-eu-north-1-derc-wmi-crowdlabel-production.s3.eu-north-1.amazonaws.com/tii_vqa_x84sgz00sylo0l22.png,there is a red object that is the same shape as the purple rubber object; what material is it?,"{'a': 'rubber', 'b': 'metal'}",b,"['a', 'a', 'b', 'b', 'b']"
39,YaxS7Hk7st1cy5QL,en,vqa,mcq,office,4,https://s3-eu-north-1-derc-wmi-crowdlabel-production.s3.eu-north-1.amazonaws.com/tii_vqa_2e0h2reet16qz1rb.png,what color is the other pen holder that is made of the same material as the red pen holder?,"{'a': 'blue', 'b': 'gray', 'c': 'red'}",a,"['a', 'a', 'a', 'b', 'a']"
40,JbnUuwNWsixnyYhH,en,vqa,true-false,school,1,https://s3-eu-north-1-derc-wmi-crowdlabel-production.s3.eu-north-1.amazonaws.com/tii_vqa_k3u1yn0e26etx7z8.png,are there any other things that have the same size as the cyan metal pencil?,"{'a': 'True', 'b': 'False'}",a,"['b', 'a']"
41,pezjKTuCvB5oN42i,en,vqa,numeric,uae,2,https://s3-eu-north-1-derc-wmi-crowdlabel-production.s3.eu-north-1.amazonaws.com/tii_vqa_268aj5gsokcfjlzz.png,how many dallahs are the same color as the metal bedouin tent?,"{'a': '2', 'b': '1'}",b,"['a', 'a', 'b', 'b']"
42,XEHlI90ViqBZ5gMw,en,vqa,numeric,underwater,2,https://s3-eu-north-1-derc-wmi-crowdlabel-production.s3.eu-north-1.amazonaws.com/tii_vqa_w517ga2ldbg2q5ld.png,how many other things are there of the same color as the large metal fish?,"{'a': '2', 'b': '4'}",a,"['a', 'a', 'b', 'b']"
43,DmzRqDwJFcx90wOR,en,vqa,mcq,living-room,4,https://s3-eu-north-1-derc-wmi-crowdlabel-production.s3.eu-north-1.amazonaws.com/tii_vqa_0d5fts8mqcof5rzb.png,there is a red object that is the same size as the blue rubber floor lamp; what shape is it?,"{'a': 'floor lamp', 'b': 'bookshelf', 'c': 'television', 'd': 'sofa'}",a,"['b', 'a']"
44,sn9GKetSJtmE3ij4,en,vqa,true-false,fashion,1,https://s3-eu-north-1-derc-wmi-crowdlabel-production.s3.eu-north-1.amazonaws.com/tii_vqa_9gvggz7ssyyay9zi.png,is there a blue shoe that has the same material as the bag?,"{'a': 'False', 'b': 'True'}",a,"['a', 'b', 'a', 'a', 'a', 'a']"
45,eOuO0WGYF0r3ni0Z,en,vqa,numeric,garage-workshop,2,https://s3-eu-north-1-derc-wmi-crowdlabel-production.s3.eu-north-1.amazonaws.com/tii_vqa_t64ywzkka6jg5s2y.png,how many things are the same size as the gray metal screwdriver?,"{'a': '5', 'b': '3'}",b,"['a', 'a', 'b']"
46,8UMUrWE8vGRsj5F8,en,vqa,true-false,animals,1,https://s3-eu-north-1-derc-wmi-crowdlabel-production.s3.eu-north-1.amazonaws.com/tii_vqa_ptjd6nga13od2wep.png,are there any other purple fishes that have the same material as the purple fish?,"{'a': 'False', 'b': 'True'}",a,"['a', 'a', 'b', 'b', 'a']"
47,UEcyrWUINEUFoeDF,en,vqa,numeric,construction-site,2,https://s3-eu-north-1-derc-wmi-crowdlabel-production.s3.eu-north-1.amazonaws.com/tii_vqa_a92l2zg06psmpb0t.png,what number of other objects are there of the same shape as the cyan metal thing?,"{'a': '1', 'b': '3'}",a,"['a', 'b']"
48,D2UozbFSOmzo2uhg,en,vqa,numeric,fashion,2,https://s3-eu-north-1-derc-wmi-crowdlabel-production.s3.eu-north-1.amazonaws.com/tii_vqa_gal3v4ji1m7jbvq9.png,what number of other things are there of the same color as the tiny shirt?,"{'a': '2', 'b': '3'}",a,"['a', 'a']"
49,hG9ukyMLljJ1bYXL,en,vqa,true-false,garage-workshop,1,https://s3-eu-north-1-derc-wmi-crowdlabel-production.s3.eu-north-1.amazonaws.com/tii_vqa_2co980grbl59gs8r.png,is there another object that has the same shape as the big blue thing?,"{'a': 'True', 'b': 'False'}",a,"['a', 'b', 'a', 'a', 'b', 'a', 'b']"
50,O7T5SVTdL14vAea5,en,vqa,mcq,kitchen,3,https://s3-eu-north-1-derc-wmi-crowdlabel-production.s3.eu-north-1.amazonaws.com/tii_vqa_uwgns8vvx59qkfj7.png,there is a purple object that is the same size as the gray fork; what is its material?,"{'a': 'metal', 'b': 'rubber'}",a,"['a', 'a', 'b']"
51,GEEvT7h4d5yp9LIQ,en,vqa,true-false,living-room,1,https://s3-eu-north-1-derc-wmi-crowdlabel-production.s3.eu-north-1.amazonaws.com/tii_vqa_mqww7qairam546f5.png,is the color of the tiny metal sofa the same as the big sofa?,"{'a': 'True', 'b': 'False'}",b,"['a', 'b', 'b']"
52,XZSbbMkbJB3oQJSI,en,vqa,numeric,medical-field,2,https://s3-eu-north-1-derc-wmi-crowdlabel-production.s3.eu-north-1.amazonaws.com/tii_vqa_2i4ud1cj9uu3hstm.png,how many brown things are large things or rubber stethoscopes?,"{'a': '1', 'b': '2'}",a,"['b', 'b', 'b', 'a']"
53,2xuY9g0WfMzl7PBi,en,vqa,true-false,music,1,https://s3-eu-north-1-derc-wmi-crowdlabel-production.s3.eu-north-1.amazonaws.com/tii_vqa_b53bw8u560jl0pha.png,is the number of blue metal violins less than the number of brown metal guitars?,"{'a': 'True', 'b': 'False'}",a,"['b', 'b', 'b', 'b', 'a']"
54,VWfurRoiBvXbVoa6,en,vqa,mcq,office,4,https://s3-eu-north-1-derc-wmi-crowdlabel-production.s3.eu-north-1.amazonaws.com/tii_vqa_p5uo083ao28lo3lz.png,the yellow metal thing that is the same size as the blue calculator is what shape?,"{'a': 'calculator', 'b': 'chair', 'c': 'laptop'}",a,"['b', 'a']"
55,QevugEnIWrCtx3Pb,en,vqa,mcq,school,4,https://s3-eu-north-1-derc-wmi-crowdlabel-production.s3.eu-north-1.amazonaws.com/tii_vqa_ubjwngw3cnkrgftz.png,there is a green metal thing that is the same size as the rubber backpack; what is its shape?,"{'a': 'pencil', 'b': 'ruler', 'c': 'backpack'}",b,"['b', 'a', 'a']"
56,AEfzzvANKynV1x7y,en,vqa,numeric,uae,2,https://s3-eu-north-1-derc-wmi-crowdlabel-production.s3.eu-north-1.amazonaws.com/tii_vqa_z9ccpd9zwnh638xa.png,how many small green things have the same material as the large bedouin tent?,"{'a': '0', 'b': '1'}",b,"['a', 'a', 'b', 'a']"
57,D2uMsJ7mE4D3kN2d,en,vqa,mcq,underwater,3,https://s3-eu-north-1-derc-wmi-crowdlabel-production.s3.eu-north-1.amazonaws.com/tii_vqa_cpho9jh2zzt83kim.png,there is a large snorkel that is the same color as the big metal turtle; what is it made of?,"{'a': 'metal', 'b': 'rubber'}",a,[]
58,BwSvTA9SsWwI7dA8,en,vqa,mcq,garage-workshop,4,https://s3-eu-north-1-derc-wmi-crowdlabel-production.s3.eu-north-1.amazonaws.com/tii_vqa_0d50uuiff6aadvd3.png,the metal wrench that is the same size as the brown thing is what color?,"{'a': 'blue', 'b': 'cyan', 'c': 'green', 'd': 'brown', 'e': 'red'}",b,['a']
59,GpESLKn89pQWPErF,en,vqa,true-false,office,1,https://s3-eu-north-1-derc-wmi-crowdlabel-production.s3.eu-north-1.amazonaws.com/tii_vqa_ymfazjfhxfa5fmts.png,is there another metal chair of the same color as the metal chair?,"{'a': 'True', 'b': 'False'}",b,"['b', 'b', 'a']"
60,zg81Hcbb2c88Wpht,en,vqa,numeric,school,2,https://s3-eu-north-1-derc-wmi-crowdlabel-production.s3.eu-north-1.amazonaws.com/tii_vqa_p4c934qj56cv24ph.png,how many other objects are the same shape as the purple thing?,"{'a': '1', 'b': '0'}",b,"['a', 'a', 'a', 'a', 'a', 'a', 'b', 'a']"
61,YBKIsQx09N19hv8k,en,vqa,numeric,animals,2,https://s3-eu-north-1-derc-wmi-crowdlabel-production.s3.eu-north-1.amazonaws.com/tii_vqa_j5xq3vgorqw6dwd2.png,how many other things are the same shape as the gray metal object?,"{'a': '4', 'b': '3'}",b,"['a', 'b', 'b', 'a', 'b']"
62,5E5OO7M7CHjRuWn3,en,vqa,numeric,construction-site,2,https://s3-eu-north-1-derc-wmi-crowdlabel-production.s3.eu-north-1.amazonaws.com/tii_vqa_t6hy6kzp8tmwqczy.png,what number of green things are big bulldozers or rubber objects?,"{'a': '3', 'b': '2'}",a,"['a', 'a', 'a', 'b']"
63,knd6N4vrMy2VkzS1,en,vqa,true-false,fashion,1,https://s3-eu-north-1-derc-wmi-crowdlabel-production.s3.eu-north-1.amazonaws.com/tii_vqa_ooj7qsirykjih8po.png,is there any other thing that is the same color as the metal shoe?,"{'a': 'False', 'b': 'True'}",b,"['b', 'b', 'b', 'a']"
64,xbiwWcScqgFa5coU,en,vqa,mcq,garage-workshop,4,https://s3-eu-north-1-derc-wmi-crowdlabel-production.s3.eu-north-1.amazonaws.com/tii_vqa_npx3lcr2ordmzhyu.png,what shape is the tiny green thing?,"{'a': 'screwdriver', 'b': 'hammer', 'c': 'mechanic overalls', 'd': 'wrench', 'e': 'tire'}",a,"['b', 'b', 'a']"
65,SvqJSSXLEv4BlyIm,en,vqa,numeric,kitchen,2,https://s3-eu-north-1-derc-wmi-crowdlabel-production.s3.eu-north-1.amazonaws.com/tii_vqa_dxe35h9r54p0jomq.png,how many other things are there of the same material as the big blue thing?,"{'a': '2', 'b': '1'}",a,"['a', 'b', 'a']"
66,W4dsDNoEz7Lwe9jh,en,vqa,true-false,living-room,1,https://s3-eu-north-1-derc-wmi-crowdlabel-production.s3.eu-north-1.amazonaws.com/tii_vqa_1ztrsk6wwwa439ex.png,is there any other thing that is made of the same material as the purple floor lamp?,"{'a': 'True', 'b': 'False'}",a,"['a', 'b', 'a', 'a', 'a']"
67,LbZ9MkwmLzOCBzs5,en,vqa,true-false,medical-field,1,https://s3-eu-north-1-derc-wmi-crowdlabel-production.s3.eu-north-1.amazonaws.com/tii_vqa_yte9f4970pkayjrx.png,is there anything else that has the same shape as the gray rubber thing?,"{'a': 'True', 'b': 'False'}",b,"['a', 'b']"
68,TJenvgLV6lpUT1nZ,en,vqa,numeric,music,2,https://s3-eu-north-1-derc-wmi-crowdlabel-production.s3.eu-north-1.amazonaws.com/tii_vqa_zf7ah8knk3bai4cm.png,what number of other things are the same shape as the big metal thing?,"{'a': '6', 'b': '4'}",b,"['a', 'b', 'a', 'b']"
69,2HyBb6SvnvIbRO14,en,vqa,mcq,office,4,https://s3-eu-north-1-derc-wmi-crowdlabel-production.s3.eu-north-1.amazonaws.com/tii_vqa_tr0wr7ry6asf98g7.png,the small object that is the same color as the large metal laptop is what shape?,"{'a': 'calculator', 'b': 'pen holder', 'c': 'laptop'}",b,"['b', 'a', 'b', 'b', 'b', 'a']"
70,e8PHrrYpcCdqzqLV,en,vqa,true-false,school,1,https://s3-eu-north-1-derc-wmi-crowdlabel-production.s3.eu-north-1.amazonaws.com/tii_vqa_y53ys6aynotbkeih.png,are there any other things of the same color as the pencil?,"{'a': 'True', 'b': 'False'}",a,"['b', 'a', 'b']"
71,u5xkimyWLIQG41W4,en,vqa,true-false,uae,1,https://s3-eu-north-1-derc-wmi-crowdlabel-production.s3.eu-north-1.amazonaws.com/tii_vqa_tsnisnafwjax8ywn.png,are there any other things that are the same shape as the big blue thing?,"{'a': 'True', 'b': 'False'}",a,[]
72,6xQIkdMAQMhAeScI,en,vqa,numeric,underwater,2,https://s3-eu-north-1-derc-wmi-crowdlabel-production.s3.eu-north-1.amazonaws.com/tii_vqa_gluw0zhz2t0um9tk.png,how many rubber objects are either small yellow things or corals?,"{'a': '3', 'b': '2'}",b,"['b', 'a', 'a', 'a', 'b', 'a']"
73,xv8dh8aX9xhOYFar,en,vqa,mcq,fashion,3,https://s3-eu-north-1-derc-wmi-crowdlabel-production.s3.eu-north-1.amazonaws.com/tii_vqa_ti2s4p3gjj5k2jom.png,there is a blue thing that is the same size as the cyan shoe; what is it made of?,"{'a': 'metal', 'b': 'rubber'}",a,['a']
74,eZcbOVnMA1PUkgiE,en,vqa,true-false,living-room,1,https://s3-eu-north-1-derc-wmi-crowdlabel-production.s3.eu-north-1.amazonaws.com/tii_vqa_72kb4dq5guylnv00.png,is there a small gray coffee table that has the same material as the big gray object?,"{'a': 'True', 'b': 'False'}",a,"['b', 'b', 'a']"
75,f7QF4GSRsTcGcuD6,en,vqa,numeric,school,2,https://s3-eu-north-1-derc-wmi-crowdlabel-production.s3.eu-north-1.amazonaws.com/tii_vqa_nfdm2g11wqddv5at.png,how many other objects are the same material as the green object?,"{'a': '2', 'b': '3'}",a,[]
76,GmkxSETL075KKbe6,en,vqa,mcq,animals,3,https://s3-eu-north-1-derc-wmi-crowdlabel-production.s3.eu-north-1.amazonaws.com/tii_vqa_lixzbf18fxml8683.png,what material is the big cat that is the same color as the tiny metal bird?,"{'a': 'rubber', 'b': 'metal'}",b,"['b', 'b', 'a', 'a']"
77,grnTFyXkd1gwqVp4,en,vqa,numeric,construction-site,2,https://s3-eu-north-1-derc-wmi-crowdlabel-production.s3.eu-north-1.amazonaws.com/tii_vqa_bvqd42n98z2gdqt0.png,what number of things have the same material as the large brown hard hat?,"{'a': '4', 'b': '3'}",a,"['b', 'a', 'a', 'a']"
78,lcPD5XWVOHlLRtct,en,vqa,numeric,fashion,2,https://s3-eu-north-1-derc-wmi-crowdlabel-production.s3.eu-north-1.amazonaws.com/tii_vqa_cdg6wczvmu6knv0d.png,how many tiny pants are the same color as the large shoe?,"{'a': '3', 'b': '2'}",b,"['b', 'a', 'a', 'b']"
79,nMmCfRqWxpJ6fSWG,en,vqa,numeric,garage-workshop,2,https://s3-eu-north-1-derc-wmi-crowdlabel-production.s3.eu-north-1.amazonaws.com/tii_vqa_8jln5gr1jjvoia0h.png,how many small metal objects have the same color as the metal hammer?,"{'a': '2', 'b': '1'}",b,"['b', 'a', 'b', 'a', 'a']"
80,qXG7GZIl6adMASHa,en,vqa,true-false,kitchen,1,https://s3-eu-north-1-derc-wmi-crowdlabel-production.s3.eu-north-1.amazonaws.com/tii_vqa_7r9a8vjhbc14lunm.png,is there a purple teapot that has the same size as the spatula?,"{'a': 'False', 'b': 'True'}",a,"['b', 'a', 'a']"
81,QX1KTewsAYuO3p62,en,vqa,numeric,living-room,2,https://s3-eu-north-1-derc-wmi-crowdlabel-production.s3.eu-north-1.amazonaws.com/tii_vqa_t8hnyu6mzp8qbvqn.png,how many metal things are either tiny brown televisions or small sofas?,"{'a': '3', 'b': '1'}",b,"['b', 'b']"
82,cwubiApUITgnDnjS,en,vqa,numeric,medical-field,2,https://s3-eu-north-1-derc-wmi-crowdlabel-production.s3.eu-north-1.amazonaws.com/tii_vqa_af393v8ghnuolona.png,how many other objects are the same shape as the big gray metal thing?,"{'a': '2', 'b': '3'}",b,"['a', 'b', 'b', 'b']"
83,2HjoS8LdoyG5Ite1,en,vqa,true-false,music,1,https://s3-eu-north-1-derc-wmi-crowdlabel-production.s3.eu-north-1.amazonaws.com/tii_vqa_obcl39q26jhig1a7.png,do the purple thing and the drum have the same size?,"{'a': 'True', 'b': 'False'}",a,"['b', 'b', 'b', 'a', 'b']"
84,r6yEjLOpqG6rUTn0,en,vqa,mcq,office,4,https://s3-eu-north-1-derc-wmi-crowdlabel-production.s3.eu-north-1.amazonaws.com/tii_vqa_3olhn5e81onfehdb.png,the cyan object is what shape?,"{'a': 'calculator', 'b': 'coffee mug', 'c': 'laptop', 'd': 'pen holder'}",a,"['b', 'a', 'a']"
85,zP93J0mx6Pidm7ke,en,vqa,mcq,school,3,https://s3-eu-north-1-derc-wmi-crowdlabel-production.s3.eu-north-1.amazonaws.com/tii_vqa_lo109qd1r5hp3r49.png,there is a red notebook that is the same size as the green metal ruler; what is its material?,"{'a': 'metal', 'b': 'rubber'}",a,"['a', 'b']"
86,YGhHw9FOr60SkQns,en,vqa,true-false,uae,1,https://s3-eu-north-1-derc-wmi-crowdlabel-production.s3.eu-north-1.amazonaws.com/tii_vqa_q2ycb9psqs4kncb4.png,is there another falcon that has the same size as the falcon?,"{'a': 'True', 'b': 'False'}",b,"['b', 'a', 'b', 'a', 'b']"
87,BRz6IONGJJGgSMxz,en,vqa,numeric,underwater,2,https://s3-eu-north-1-derc-wmi-crowdlabel-production.s3.eu-north-1.amazonaws.com/tii_vqa_kjll4ruz7vb9ltoq.png,how many green objects are the same material as the large cyan thing?,"{'a': '1', 'b': '0'}",a,"['b', 'b', 'a']"
88,KsX3UAPz8aOwYtdx,en,vqa,mcq,living-room,4,https://s3-eu-north-1-derc-wmi-crowdlabel-production.s3.eu-north-1.amazonaws.com/tii_vqa_u6jva5n8agqjiabb.png,the blue object has what shape?,"{'a': 'bookshelf', 'b': 'sofa', 'c': 'television'}",a,"['a', 'a', 'b']"
89,hi0lSwUZakHKPqzw,en,vqa,true-false,medical-field,1,https://s3-eu-north-1-derc-wmi-crowdlabel-production.s3.eu-north-1.amazonaws.com/tii_vqa_o8qx54eibnz3j7ix.png,is there a brown object that has the same material as the purple object?,"{'a': 'False', 'b': 'True'}",b,"['a', 'b', 'a']"
90,v9JLASsy3otGaI5X,en,vqa,numeric,medical-field,2,https://s3-eu-north-1-derc-wmi-crowdlabel-production.s3.eu-north-1.amazonaws.com/tii_vqa_hkndcibwh4vucune.png,what number of small objects are iv fluid bags or rubber objects?,"{'a': '3', 'b': '4'}",a,"['b', 'a', 'b']"
91,RgI39GdVS31cO41Y,en,vqa,numeric,animals,2,https://s3-eu-north-1-derc-wmi-crowdlabel-production.s3.eu-north-1.amazonaws.com/tii_vqa_694cf5ka731elfaj.png,what number of other objects are the same material as the yellow object?,"{'a': '4', 'b': '6'}",a,"['a', 'b', 'b', 'a', 'a']"
92,WqRp7RQu4R1ZRliC,en,vqa,numeric,construction-site,2,https://s3-eu-north-1-derc-wmi-crowdlabel-production.s3.eu-north-1.amazonaws.com/tii_vqa_hpp9aaamo9nmgvoz.png,how many big things are either wheelbarrows or cyan objects?,"{'a': '3', 'b': '2'}",b,"['a', 'a']"
93,EL0ev2PQW7H0lmsK,en,vqa,mcq,fashion,3,https://s3-eu-north-1-derc-wmi-crowdlabel-production.s3.eu-north-1.amazonaws.com/tii_vqa_s6bn88wkpgx8ogyb.png,what size is the metal hat that is the same color as the pants?,"{'a': 'small', 'b': 'large'}",b,"['b', 'b', 'a', 'b']"
94,IShaNm9drd6RdLRl,en,vqa,true-false,garage-workshop,1,https://s3-eu-north-1-derc-wmi-crowdlabel-production.s3.eu-north-1.amazonaws.com/tii_vqa_agabc580wi45ogk1.png,are there any other things that have the same material as the tiny purple thing?,"{'a': 'False', 'b': 'True'}",a,"['a', 'a', 'a', 'b', 'b']"
95,dQe0PnrFJNTDPO3d,en,vqa,numeric,kitchen,2,https://s3-eu-north-1-derc-wmi-crowdlabel-production.s3.eu-north-1.amazonaws.com/tii_vqa_r1gle9iypa9hnve3.png,how many red spatulas have the same size as the rubber teapot?,"{'a': '1', 'b': '0'}",a,"['a', 'b', 'a', 'a']"
96,yjm9cgIKYUeQGGZE,en,vqa,numeric,living-room,2,https://s3-eu-north-1-derc-wmi-crowdlabel-production.s3.eu-north-1.amazonaws.com/tii_vqa_jvmnt0bv7hh6c70x.png,how many other objects are there of the same shape as the blue metal object?,"{'a': '1', 'b': '3'}",a,"['b', 'b', 'b', 'b']"
97,gwgfFA45ww5sNHJb,en,vqa,mcq,medical-field,4,https://s3-eu-north-1-derc-wmi-crowdlabel-production.s3.eu-north-1.amazonaws.com/tii_vqa_c8foaxo1l6j7ilx8.png,there is a purple metal object that is the same size as the metal iv fluid bag; what shape is it?,"{'a': 'iv fluid bag', 'b': 'medicine bottle', 'c': 'injection', 'd': 'stethoscope'}",d,['a']
98,4GXG5ahRuSr6Ojca,en,vqa,mcq,music,4,https://s3-eu-north-1-derc-wmi-crowdlabel-production.s3.eu-north-1.amazonaws.com/tii_vqa_7sn99dbawybr3ewf.png,what color is the rubber mic that is the same size as the blue metal drum?,"{'a': 'purple', 'b': 'blue', 'c': 'green'}",a,"['a', 'a', 'b', 'b']"
99,ZRJg4VEjjQudIWO3,en,vqa,true-false,office,1,https://s3-eu-north-1-derc-wmi-crowdlabel-production.s3.eu-north-1.amazonaws.com/tii_vqa_gjs6sendejj2laht.png,is there a big rubber object of the same color as the laptop?,"{'a': 'True', 'b': 'False'}",a,"['a', 'b', 'b', 'a']"
100,zOwrMplBdmSZqSL8,en,vqa,true-false,school,1,https://s3-eu-north-1-derc-wmi-crowdlabel-production.s3.eu-north-1.amazonaws.com/tii_vqa_wqvw56qsdrmn9y1l.png,does the big rubber notebook have the same color as the big metal notebook?,"{'a': 'True', 'b': 'False'}",a,"['b', 'a', 'b']"
101,rQl91EQhcws5d4dk,en,vqa,true-false,uae,1,https://s3-eu-north-1-derc-wmi-crowdlabel-production.s3.eu-north-1.amazonaws.com/tii_vqa_rth7twgcaamau4zd.png,do the yellow rubber object and the blue rubber bedouin tent have the same size?,"{'a': 'False', 'b': 'True'}",a,"['b', 'a']"
102,toQdXvQ53cX1XhcU,en,vqa,true-false,underwater,1,https://s3-eu-north-1-derc-wmi-crowdlabel-production.s3.eu-north-1.amazonaws.com/tii_vqa_ks7hsm7w2q6vq4fz.png,are there any gray things that have the same size as the brown snorkel?,"{'a': 'True', 'b': 'False'}",a,"['a', 'b', 'a']"
103,hpc7kDD5lVB0OrBl,en,vqa,mcq,living-room,3,https://s3-eu-north-1-derc-wmi-crowdlabel-production.s3.eu-north-1.amazonaws.com/tii_vqa_lge7k7a7vnj0cy3y.png,there is another object that is the same shape as the small rubber thing; what is its material?,"{'a': 'rubber', 'b': 'metal'}",a,"['a', 'a', 'a', 'a']"
104,bKAxMz3tKgZfvgSx,en,vqa,true-false,kitchen,1,https://s3-eu-north-1-derc-wmi-crowdlabel-production.s3.eu-north-1.amazonaws.com/tii_vqa_4pc8afpxsma5es3d.png,do the metal plate and the blue spatula have the same size?,"{'a': 'False', 'b': 'True'}",b,"['a', 'a', 'a', 'b', 'a', 'a', 'b']"
105,Kb45sPoTYlrRo1Tr,en,vqa,numeric,construction-site,2,https://s3-eu-north-1-derc-wmi-crowdlabel-production.s3.eu-north-1.amazonaws.com/tii_vqa_zrfhi02whguiqmoz.png,what number of brown things are big traffic cones or rubber objects?,"{'a': '4', 'b': '6'}",a,"['b', 'a']"
106,IgdgJZfm1vgcPgqB,en,vqa,numeric,animals,2,https://s3-eu-north-1-derc-wmi-crowdlabel-production.s3.eu-north-1.amazonaws.com/tii_vqa_alchj8gyticipioh.png,what number of objects are either small gray dogs or blue dogs?,"{'a': '1', 'b': '2'}",b,"['a', 'b', 'a', 'b']"
107,K7w2Mf4Inr1bOKI8,en,vqa,mcq,construction-site,3,https://s3-eu-north-1-derc-wmi-crowdlabel-production.s3.eu-north-1.amazonaws.com/tii_vqa_q72upaipkdzavanh.png,what size is the blue rubber wheelbarrow?,"{'a': 'small', 'b': 'large'}",a,"['a', 'a', 'a']"
108,T2SwrzpT5JGv4AWl,en,vqa,true-false,fashion,1,https://s3-eu-north-1-derc-wmi-crowdlabel-production.s3.eu-north-1.amazonaws.com/tii_vqa_toyoj1un1scoruuk.png,is there a yellow metal object of the same size as the yellow metal shoe?,"{'a': 'False', 'b': 'True'}",b,"['a', 'b', 'b', 'b', 'b', 'b']"
109,DWuVxSChyh6tzSlN,en,vqa,numeric,garage-workshop,2,https://s3-eu-north-1-derc-wmi-crowdlabel-production.s3.eu-north-1.amazonaws.com/tii_vqa_u3s2pg77vrg97pcb.png,what number of objects have the same material as the brown wrench?,"{'a': '4', 'b': '6'}",a,"['a', 'a', 'a', 'a']"
110,C9DvBf7BVynBM88M,en,vqa,true-false,kitchen,1,https://s3-eu-north-1-derc-wmi-crowdlabel-production.s3.eu-north-1.amazonaws.com/tii_vqa_efkduxnstreixhgu.png,is the small rubber teapot the same color as the big rubber plate?,"{'a': 'False', 'b': 'True'}",b,"['a', 'a', 'a']"
111,gTwkRK4KJleKI0W2,en,vqa,mcq,living-room,3,https://s3-eu-north-1-derc-wmi-crowdlabel-production.s3.eu-north-1.amazonaws.com/tii_vqa_hk12m7oxt9g14xo7.png,what is the size of the rubber thing that is the same color as the television?,"{'a': 'large', 'b': 'small'}",a,"['b', 'b', 'a']"
112,sLlaxQxM7Jtq5Xf9,en,vqa,numeric,medical-field,2,https://s3-eu-north-1-derc-wmi-crowdlabel-production.s3.eu-north-1.amazonaws.com/tii_vqa_ue9ekrzu74h8weml.png,what number of other objects are the same size as the gray rubber injection?,"{'a': '2', 'b': '1'}",a,"['a', 'a', 'b', 'b', 'a']"
113,rricp3xYgabNHNp8,en,vqa,mcq,music,3,https://s3-eu-north-1-derc-wmi-crowdlabel-production.s3.eu-north-1.amazonaws.com/tii_vqa_iz96moo681i9n328.png,there is another small thing that is the same color as the small metal thing; what is its material?,"{'a': 'rubber', 'b': 'metal'}",a,"['b', 'a', 'b', 'a']"
114,seGNuyuGRogF0w9V,en,vqa,true-false,office,1,https://s3-eu-north-1-derc-wmi-crowdlabel-production.s3.eu-north-1.amazonaws.com/tii_vqa_a58fulwhwnwgrma0.png,is there anything else that is the same shape as the brown metal thing?,"{'a': 'True', 'b': 'False'}",b,"['a', 'a', 'b', 'b', 'a']"
115,vYMwzjPVyikiWVL2,en,vqa,numeric,school,2,https://s3-eu-north-1-derc-wmi-crowdlabel-production.s3.eu-north-1.amazonaws.com/tii_vqa_16fkziijl3rpa6aw.png,how many metal things are either tiny pencils or objects?,"{'a': '4', 'b': '6'}",a,"['a', 'a', 'a', 'b', 'a']"
116,ta9dCTbH2qRqU1Fu,en,vqa,mcq,uae,4,https://s3-eu-north-1-derc-wmi-crowdlabel-production.s3.eu-north-1.amazonaws.com/tii_vqa_fgwnpf38jzgusarn.png,what is the color of the tiny rubber bedouin tent?,"{'a': 'brown', 'b': 'cyan', 'c': 'gray'}",b,"['b', 'a', 'a', 'b', 'b']"
117,qYB5jVaVbJEd9vJb,en,vqa,true-false,underwater,1,https://s3-eu-north-1-derc-wmi-crowdlabel-production.s3.eu-north-1.amazonaws.com/tii_vqa_enxda10ulumtzirv.png,are there fewer large green things than green oxygen tanks?,"{'a': 'False', 'b': 'True'}",a,"['b', 'b', 'a']"
118,2jLx8jc2qhl9JfWi,en,vqa,mcq,construction-site,4,https://s3-eu-north-1-derc-wmi-crowdlabel-production.s3.eu-north-1.amazonaws.com/tii_vqa_eizafl7b8cditrsf.png,what color is the large crane that is made of the same material as the large brown wheelbarrow?,"{'a': 'brown', 'b': 'purple', 'c': 'cyan', 'd': 'yellow', 'e': 'blue'}",c,['c']
119,TQAf2eP0DPB2y339,en,vqa,true-false,underwater,1,https://s3-eu-north-1-derc-wmi-crowdlabel-production.s3.eu-north-1.amazonaws.com/tii_vqa_oprbut4le8o23ypt.png,do the starfish and the coral have the same material?,"{'a': 'True', 'b': 'False'}",a,"['a', 'b', 'a']"
120,PxlsBigtyMSxVZ2v,en,vqa,numeric,music,2,https://s3-eu-north-1-derc-wmi-crowdlabel-production.s3.eu-north-1.amazonaws.com/tii_vqa_601qf58n3jn5qijx.png,how many other things are the same material as the tiny cyan object?,"{'a': '3', 'b': '1'}",b,"['a', 'a', 'a']"
121,zYKWeBs16xP8HwVP,en,vqa,numeric,animals,2,https://s3-eu-north-1-derc-wmi-crowdlabel-production.s3.eu-north-1.amazonaws.com/tii_vqa_85k16q04m04jixsu.png,what number of other small purple metal things are the same shape as the small purple metal thing?,"{'a': '1', 'b': '0'}",a,"['b', 'a', 'a']"
122,IQxKPiPBeu10U36v,en,vqa,true-false,construction-site,1,https://s3-eu-north-1-derc-wmi-crowdlabel-production.s3.eu-north-1.amazonaws.com/tii_vqa_l36dp68q8j2t4x7g.png,are there more big yellow wheelbarrows than rubber things?,"{'a': 'True', 'b': 'False'}",b,"['a', 'a', 'b', 'b']"
123,75GgWWtZzfuiWTg2,en,vqa,numeric,fashion,2,https://s3-eu-north-1-derc-wmi-crowdlabel-production.s3.eu-north-1.amazonaws.com/tii_vqa_vvk5q7ovx258khke.png,what number of other things are made of the same material as the purple pants?,"{'a': '3', 'b': '5'}",a,"['a', 'a', 'b', 'a']"
124,84CBZbty21GtakqR,en,vqa,mcq,garage-workshop,3,https://s3-eu-north-1-derc-wmi-crowdlabel-production.s3.eu-north-1.amazonaws.com/tii_vqa_tzwbnhkl9a44idvf.png,there is a purple thing that is made of the same material as the big tire; what size is it?,"{'a': 'small', 'b': 'large'}",b,"['a', 'b', 'b']"
125,L6OpspQUf1sl2wmT,en,vqa,mcq,kitchen,3,https://s3-eu-north-1-derc-wmi-crowdlabel-production.s3.eu-north-1.amazonaws.com/tii_vqa_eed4s7kufffwfo2f.png,what is the size of the yellow thing that is made of the same material as the big yellow spatula?,"{'a': 'large', 'b': 'small'}",b,"['b', 'a', 'a', 'b', 'b', 'b', 'a', 'b', 'a', 'b']"
126,dEaTuKRKuwZLELWH,en,vqa,numeric,living-room,2,https://s3-eu-north-1-derc-wmi-crowdlabel-production.s3.eu-north-1.amazonaws.com/tii_vqa_zzri3pcbbjkv5fws.png,what number of coffee tables have the same size as the yellow rubber bookshelf?,"{'a': '2', 'b': '3'}",a,"['a', 'a', 'b']"
127,8mGIHN24hU5A6OY1,en,vqa,true-false,medical-field,1,https://s3-eu-north-1-derc-wmi-crowdlabel-production.s3.eu-north-1.amazonaws.com/tii_vqa_cbqqbgnocj0avjyk.png,is there a gray metal iv fluid bag of the same size as the purple stethoscope?,"{'a': 'True', 'b': 'False'}",b,"['a', 'a', 'b', 'a']"
128,jtUd9ODhrshSIdmt,en,vqa,mcq,music,4,https://s3-eu-north-1-derc-wmi-crowdlabel-production.s3.eu-north-1.amazonaws.com/tii_vqa_vueqauc1nbglu2r8.png,what color is the metal mic?,"{'a': 'cyan', 'b': 'yellow', 'c': 'gray'}",b,"['a', 'a', 'a', 'a']"
129,O8TZDOK1pRvblb7U,en,vqa,numeric,office,2,https://s3-eu-north-1-derc-wmi-crowdlabel-production.s3.eu-north-1.amazonaws.com/tii_vqa_qhh6kjeb0uc06itd.png,how many other objects are the same color as the large rubber pen holder?,"{'a': '0', 'b': '1'}",a,['a']
130,hICZO3tIrl4vd3Vl,en,vqa,numeric,school,2,https://s3-eu-north-1-derc-wmi-crowdlabel-production.s3.eu-north-1.amazonaws.com/tii_vqa_8nmbnuhsuoezvq3e.png,what number of large things are made of the same material as the small green notebook?,"{'a': '3', 'b': '5'}",a,"['b', 'b', 'b', 'b', 'a', 'a']"
131,lug1Icaf3fuGG50w,en,vqa,mcq,uae,4,https://s3-eu-north-1-derc-wmi-crowdlabel-production.s3.eu-north-1.amazonaws.com/tii_vqa_lnt3y2dd7oos7e4b.png,there is a tiny metal object that is the same shape as the big object; what color is it?,"{'a': 'gray', 'b': 'yellow', 'c': 'cyan', 'd': 'blue'}",d,"['d', 'd']"
132,JnZKr10dB2tflXnt,en,vqa,mcq,underwater,4,https://s3-eu-north-1-derc-wmi-crowdlabel-production.s3.eu-north-1.amazonaws.com/tii_vqa_ptg7rmzuqi8sunpk.png,what shape is the tiny purple object?,"{'a': 'starfish', 'b': 'coral', 'c': 'snorkel'}",b,"['b', 'a', 'b']"
133,u9DQ3mzBZPLa3fmg,en,vqa,mcq,underwater,3,https://s3-eu-north-1-derc-wmi-crowdlabel-production.s3.eu-north-1.amazonaws.com/tii_vqa_mu0h2qxrtk6j4q44.png,what is the material of the other cyan thing that is the same size as the cyan metal thing?,"{'a': 'rubber', 'b': 'metal'}",a,"['a', 'b', 'a', 'a', 'a']"
134,wHWM2O87mQALPIhL,en,vqa,true-false,living-room,1,https://s3-eu-north-1-derc-wmi-crowdlabel-production.s3.eu-north-1.amazonaws.com/tii_vqa_jrxrgorxb73o1q36.png,is there any other thing that is the same material as the tiny yellow floor lamp?,"{'a': 'False', 'b': 'True'}",a,"['a', 'a', 'b', 'a', 'a']"
135,QTCiYSxHMLqpe6QD,en,vqa,numeric,animals,2,https://s3-eu-north-1-derc-wmi-crowdlabel-production.s3.eu-north-1.amazonaws.com/tii_vqa_a41gahi9lou733bi.png,how many purple things have the same size as the gray rubber thing?,"{'a': '1', 'b': '2'}",b,"['b', 'b', 'a', 'b', 'a', 'a', 'a']"
136,Z8uGf5yNAGL7prtz,en,vqa,numeric,animals,2,https://s3-eu-north-1-derc-wmi-crowdlabel-production.s3.eu-north-1.amazonaws.com/tii_vqa_vb6xbs6rs6tj6ifz.png,how many other things are the same shape as the small red thing?,"{'a': '1', 'b': '0'}",a,"['b', 'b', 'a', 'a', 'b', 'b']"
137,qXDCS9LgMbCxw72M,en,vqa,mcq,construction-site,4,https://s3-eu-north-1-derc-wmi-crowdlabel-production.s3.eu-north-1.amazonaws.com/tii_vqa_f80pbl1im4pptlg1.png,the tiny metal wheelbarrow has what color?,"{'a': 'gray', 'b': 'yellow', 'c': 'blue', 'd': 'purple', 'e': 'cyan'}",b,[]
138,4BM6TAVnkhV7MOn5,en,vqa,true-false,fashion,1,https://s3-eu-north-1-derc-wmi-crowdlabel-production.s3.eu-north-1.amazonaws.com/tii_vqa_bkpcw5y006l622kz.png,is the number of big pants greater than the number of brown metal shoes?,"{'a': 'False', 'b': 'True'}",b,"['a', 'b']"
139,PEgkgCryFLXzzL1G,en,vqa,mcq,garage-workshop,3,https://s3-eu-north-1-derc-wmi-crowdlabel-production.s3.eu-north-1.amazonaws.com/tii_vqa_6qwddbbcwccl942t.png,there is a rubber thing that is the same color as the tiny rubber hammer; what size is it?,"{'a': 'large', 'b': 'small'}",a,"['b', 'b', 'a', 'a']"
140,IjGViYoop60cv0l4,en,vqa,mcq,kitchen,4,https://s3-eu-north-1-derc-wmi-crowdlabel-production.s3.eu-north-1.amazonaws.com/tii_vqa_9xcutoq9zmikl3w8.png,there is another tiny rubber object that is the same shape as the tiny brown rubber object; what is its color?,"{'a': 'yellow', 'b': 'red', 'c': 'gray', 'd': 'cyan'}",a,"['b', 'a', 'b', 'a']"
141,DuyJcCw5ZHbxpcMb,en,vqa,true-false,living-room,1,https://s3-eu-north-1-derc-wmi-crowdlabel-production.s3.eu-north-1.amazonaws.com/tii_vqa_sdwei3izq0pesh8w.png,are there any blue objects that have the same size as the blue metal bookshelf?,"{'a': 'False', 'b': 'True'}",b,"['b', 'a', 'b']"
142,Uc9bgrqN6Dgd0uSD,en,vqa,numeric,medical-field,2,https://s3-eu-north-1-derc-wmi-crowdlabel-production.s3.eu-north-1.amazonaws.com/tii_vqa_igwocpcu3a2xumlk.png,how many small red medicine bottles are the same material as the large yellow stethoscope?,"{'a': '1', 'b': '3'}",a,['a']
143,ReJTMU6n5ucUyS8S,en,vqa,numeric,music,2,https://s3-eu-north-1-derc-wmi-crowdlabel-production.s3.eu-north-1.amazonaws.com/tii_vqa_w0oh1ddvt8kj4s0g.png,how many rubber objects have the same color as the big metal thing?,"{'a': '1', 'b': '3'}",a,"['a', 'b', 'a', 'b', 'a']"
144,2i3Hsiz8FhXJaB6D,en,vqa,mcq,office,4,https://s3-eu-north-1-derc-wmi-crowdlabel-production.s3.eu-north-1.amazonaws.com/tii_vqa_xgmu12pt8ijclxit.png,what is the color of the other small rubber object that is the same shape as the brown thing?,"{'a': 'yellow', 'b': 'green', 'c': 'gray'}",b,"['a', 'a', 'b', 'b']"
145,buAw3bqlTfzBw7Qs,en,vqa,true-false,school,1,https://s3-eu-north-1-derc-wmi-crowdlabel-production.s3.eu-north-1.amazonaws.com/tii_vqa_uo3qqn29s1rakr05.png,are there any tiny rubber things that have the same color as the rubber notebook?,"{'a': 'False', 'b': 'True'}",b,"['b', 'a']"
146,ygBnDEYBpRhsujNx,en,vqa,numeric,uae,2,https://s3-eu-north-1-derc-wmi-crowdlabel-production.s3.eu-north-1.amazonaws.com/tii_vqa_dk2d79lw9vu6kzhe.png,how many other things are the same shape as the blue object?,"{'a': '1', 'b': '0'}",a,"['b', 'a', 'a', 'a']"
147,5uFnwrvEnYcjtPv4,en,vqa,true-false,underwater,1,https://s3-eu-north-1-derc-wmi-crowdlabel-production.s3.eu-north-1.amazonaws.com/tii_vqa_7n3nmr85k132rzpm.png,are there any other things of the same color as the rubber fish?,"{'a': 'True', 'b': 'False'}",b,['b']
148,8lH3r1JK7cZB5hJy,en,vqa,mcq,medical-field,4,https://s3-eu-north-1-derc-wmi-crowdlabel-production.s3.eu-north-1.amazonaws.com/tii_vqa_ba6c0wzm34kahpuy.png,the purple thing that is made of the same material as the big cyan medicine bottle is what shape?,"{'a': 'medicine bottle', 'b': 'injection', 'c': 'stethoscope', 'd': 'hospital bed', 'e': 'iv fluid bag'}",b,"['a', 'a', 'a', 'b']"
149,cpPx8JthcLURI6Je,en,vqa,true-false,fashion,1,https://s3-eu-north-1-derc-wmi-crowdlabel-production.s3.eu-north-1.amazonaws.com/tii_vqa_nudeu9p78apcp90g.png,are the yellow shoe and the yellow pants made of the same material?,"{'a': 'True', 'b': 'False'}",b,"['a', 'b', 'b', 'a']"
150,xKMLznjXHryYLexI,en,vqa,numeric,medical-field,2,https://s3-eu-north-1-derc-wmi-crowdlabel-production.s3.eu-north-1.amazonaws.com/tii_vqa_52oerf05ffrno55l.png,how many other objects are there of the same shape as the tiny metal thing?,"{'a': '0', 'b': '1'}",b,"['a', 'b']"
151,ZUxmUM2jJYx0QFUt,en,vqa,numeric,animals,2,https://s3-eu-north-1-derc-wmi-crowdlabel-production.s3.eu-north-1.amazonaws.com/tii_vqa_jc6240z3gr9mhiki.png,how many other objects are there of the same shape as the large metal object?,"{'a': '2', 'b': '3'}",b,"['b', 'a', 'b']"
152,snVPF2GdUkydGpCg,en,vqa,true-false,construction-site,1,https://s3-eu-north-1-derc-wmi-crowdlabel-production.s3.eu-north-1.amazonaws.com/tii_vqa_9nc0gpcsv4yo4ydp.png,are there any blue traffic cones of the same size as the yellow thing?,"{'a': 'True', 'b': 'False'}",a,"['b', 'b', 'b', 'a']"
153,btYKowXz6BRjEZLa,en,vqa,mcq,fashion,4,https://s3-eu-north-1-derc-wmi-crowdlabel-production.s3.eu-north-1.amazonaws.com/tii_vqa_zz7f4maov0xq27y4.png,what shape is the large yellow thing?,"{'a': 'hat', 'b': 'pants', 'c': 'bag', 'd': 'shirt', 'e': 'shoe'}",b,['b']
154,89VqdaqTOCW1ENc4,en,vqa,mcq,garage-workshop,4,https://s3-eu-north-1-derc-wmi-crowdlabel-production.s3.eu-north-1.amazonaws.com/tii_vqa_l91lurykprthujhe.png,what color is the metal tire that is the same size as the blue metal thing?,"{'a': 'red', 'b': 'cyan', 'c': 'gray', 'd': 'blue'}",a,"['b', 'a', 'b']"
155,tbH3Ek7XoK71xNIK,en,vqa,mcq,kitchen,4,https://s3-eu-north-1-derc-wmi-crowdlabel-production.s3.eu-north-1.amazonaws.com/tii_vqa_b33dns4o00qnz4cm.png,what is the shape of the yellow metal thing?,"{'a': 'spatula', 'b': 'plate', 'c': 'fork'}",c,"['a', 'c', 'c']"
156,Kcf7YvhMCDZPGVM5,en,vqa,numeric,living-room,2,https://s3-eu-north-1-derc-wmi-crowdlabel-production.s3.eu-north-1.amazonaws.com/tii_vqa_40g9zymncs812b8z.png,how many small things are either metal coffee tables or green televisions?,"{'a': '1', 'b': '0'}",a,"['a', 'a', 'b', 'a', 'a']"
157,pGgCAhbjeZ2aYBCq,en,vqa,numeric,medical-field,2,https://s3-eu-north-1-derc-wmi-crowdlabel-production.s3.eu-north-1.amazonaws.com/tii_vqa_7sswaocyuoj921bb.png,what number of other objects are the same shape as the big yellow thing?,"{'a': '4', 'b': '3'}",b,"['b', 'a', 'b', 'a', 'a']"
158,YZCysFUroZfHaIJE,en,vqa,numeric,music,2,https://s3-eu-north-1-derc-wmi-crowdlabel-production.s3.eu-north-1.amazonaws.com/tii_vqa_psz45kdura0wrt58.png,what number of other things are the same color as the large metal object?,"{'a': '0', 'b': '1'}",a,"['b', 'b', 'a']"
159,jtCg8E9k7oMeFCYt,en,vqa,mcq,office,4,https://s3-eu-north-1-derc-wmi-crowdlabel-production.s3.eu-north-1.amazonaws.com/tii_vqa_8ey58c7dmvua4m34.png,what shape is the tiny rubber thing that is the same color as the large rubber object?,"{'a': 'chair', 'b': 'pen holder', 'c': 'calculator', 'd': 'laptop'}",a,"['a', 'b', 'a', 'b']"
160,PZpJPthClLZ6vJP6,en,vqa,mcq,school,4,https://s3-eu-north-1-derc-wmi-crowdlabel-production.s3.eu-north-1.amazonaws.com/tii_vqa_exvfvh3otyh41dd7.png,what shape is the big yellow thing?,"{'a': 'backpack', 'b': 'notebook', 'c': 'ruler', 'd': 'lunch box'}",b,[]
161,iubojbVIi1WjJRvW,en,vqa,numeric,uae,2,https://s3-eu-north-1-derc-wmi-crowdlabel-production.s3.eu-north-1.amazonaws.com/tii_vqa_7dj451kedcxffbg5.png,what number of objects are large dallahs or metal bedouin tents?,"{'a': '4', 'b': '6'}",a,"['a', 'b', 'a', 'a', 'b']"
162,V2ZKpkwLBMJlbGcg,en,vqa,mcq,underwater,4,https://s3-eu-north-1-derc-wmi-crowdlabel-production.s3.eu-north-1.amazonaws.com/tii_vqa_eykx589y8cptnu6u.png,what shape is the large thing that is the same color as the big rubber coral?,"{'a': 'starfish', 'b': 'snorkel', 'c': 'oxygen tank', 'd': 'fish', 'e': 'turtle'}",a,['a']
163,PqvTrJOFxJNBJ6q4,en,vqa,mcq,uae,3,https://s3-eu-north-1-derc-wmi-crowdlabel-production.s3.eu-north-1.amazonaws.com/tii_vqa_9armq3r2dz1kqex2.png,there is a yellow bedouin tent that is the same size as the yellow metal falcon stand; what is it made of?,"{'a': 'rubber', 'b': 'metal'}",a,"['a', 'b', 'a', 'b', 'a']"
164,J5AuJJNQTCAGzGMh,en,vqa,true-false,living-room,1,https://s3-eu-north-1-derc-wmi-crowdlabel-production.s3.eu-north-1.amazonaws.com/tii_vqa_22dny8i1j1qpxm3u.png,is there any other thing that has the same material as the large sofa?,"{'a': 'True', 'b': 'False'}",a,"['b', 'a', 'b']"
165,9gzjU84UVXhS3uW1,en,vqa,numeric,music,2,https://s3-eu-north-1-derc-wmi-crowdlabel-production.s3.eu-north-1.amazonaws.com/tii_vqa_dmr8igitof17t8dg.png,what number of things are either large green objects or rubber drums?,"{'a': '4', 'b': '2'}",b,"['a', 'a', 'b']"
166,eW2JB7KP0KLuI3Li,en,vqa,mcq,animals,3,https://s3-eu-north-1-derc-wmi-crowdlabel-production.s3.eu-north-1.amazonaws.com/tii_vqa_gro5qucokewucmau.png,there is a red thing that is the same material as the large green cat; what is its size?,"{'a': 'small', 'b': 'large'}",a,"['a', 'a', 'b', 'b', 'b', 'a']"
167,l7nd6GSijHGCFnr8,en,vqa,numeric,construction-site,2,https://s3-eu-north-1-derc-wmi-crowdlabel-production.s3.eu-north-1.amazonaws.com/tii_vqa_9no5jm6wje424don.png,how many rubber objects are either large cranes or tiny blue wheelbarrows?,"{'a': '1', 'b': '0'}",b,"['a', 'a', 'a', 'b', 'a', 'b']"
168,0jPeW7ABopuGeOqV,en,vqa,mcq,fashion,4,https://s3-eu-north-1-derc-wmi-crowdlabel-production.s3.eu-north-1.amazonaws.com/tii_vqa_doq5p3sic6nwk3sa.png,there is a red thing that is the same size as the red pants; what is its shape?,"{'a': 'shoe', 'b': 'bag', 'c': 'hat', 'd': 'shirt', 'e': 'pants'}",b,[]
169,bZPuBHIW88QMFvgz,en,vqa,numeric,garage-workshop,2,https://s3-eu-north-1-derc-wmi-crowdlabel-production.s3.eu-north-1.amazonaws.com/tii_vqa_2zbokliuwfs5ac6o.png,how many big rubber tires have the same color as the wrench?,"{'a': '1', 'b': '2'}",a,"['b', 'a', 'a', 'a', 'a', 'a', 'a']"
170,KjvQ1D1iwo6PziSl,en,vqa,true-false,kitchen,1,https://s3-eu-north-1-derc-wmi-crowdlabel-production.s3.eu-north-1.amazonaws.com/tii_vqa_d8te2nd9864bcb0b.png,is there any other thing that has the same shape as the blue object?,"{'a': 'True', 'b': 'False'}",a,"['a', 'a', 'a']"
171,WPJo7ZeYNytEKDBU,en,vqa,mcq,living-room,3,https://s3-eu-north-1-derc-wmi-crowdlabel-production.s3.eu-north-1.amazonaws.com/tii_vqa_5jdynwge6scm2v4u.png,there is a thing that is the same color as the large sofa; what is it made of?,"{'a': 'rubber', 'b': 'metal'}",a,"['a', 'a']"
172,S7xIdbpUVHNpKt7T,en,vqa,mcq,medical-field,3,https://s3-eu-north-1-derc-wmi-crowdlabel-production.s3.eu-north-1.amazonaws.com/tii_vqa_ej9cbf37n9nxasns.png,what is the tiny gray iv fluid bag made of?,"{'a': 'rubber', 'b': 'metal'}",a,"['a', 'a', 'b', 'a']"
173,wCSXLwbzi7h12TPm,en,vqa,true-false,music,1,https://s3-eu-north-1-derc-wmi-crowdlabel-production.s3.eu-north-1.amazonaws.com/tii_vqa_knkiunzhghobu6nr.png,are there any other things of the same color as the rubber flute?,"{'a': 'True', 'b': 'False'}",a,"['a', 'a', 'b']"
174,SgN6xc40syt8i6zF,en,vqa,mcq,office,4,https://s3-eu-north-1-derc-wmi-crowdlabel-production.s3.eu-north-1.amazonaws.com/tii_vqa_sn8tx0n2alorfzzw.png,what is the shape of the gray object that is made of the same material as the yellow coffee mug?,"{'a': 'coffee mug', 'b': 'pen holder', 'c': 'laptop', 'd': 'calculator', 'e': 'chair'}",d,"['d', 'd', 'a', 'd', 'a', 'd', 'a']"
175,KK8xKxh1Bb2JiuwU,en,vqa,mcq,school,3,https://s3-eu-north-1-derc-wmi-crowdlabel-production.s3.eu-north-1.amazonaws.com/tii_vqa_fk2dobpqg6vjh67f.png,what size is the blue notebook?,"{'a': 'large', 'b': 'small'}",a,['a']
176,xdvzPe42Q9tVYEr1,en,vqa,mcq,uae,3,https://s3-eu-north-1-derc-wmi-crowdlabel-production.s3.eu-north-1.amazonaws.com/tii_vqa_eg274mdpmmy8qa78.png,there is a red falcon stand that is the same size as the rubber bedouin tent; what is its material?,"{'a': 'rubber', 'b': 'metal'}",a,['a']
177,E2T951d2rNksgMyo,en,vqa,mcq,underwater,3,https://s3-eu-north-1-derc-wmi-crowdlabel-production.s3.eu-north-1.amazonaws.com/tii_vqa_oy68s3jpejwd0mog.png,there is a yellow oxygen tank that is the same size as the green metal object; what material is it?,"{'a': 'rubber', 'b': 'metal'}",a,"['a', 'b', 'a', 'a']"
178,vueYdu2WKQQ5McIE,en,vqa,mcq,garage-workshop,3,https://s3-eu-north-1-derc-wmi-crowdlabel-production.s3.eu-north-1.amazonaws.com/tii_vqa_8831hr6d10pv8to2.png,there is another cyan thing that is the same shape as the big cyan rubber object; what is its material?,"{'a': 'metal', 'b': 'rubber'}",a,"['b', 'b', 'a', 'a', 'a']"
179,6OfJ2NqaBMJmAwxK,en,vqa,true-false,construction-site,1,https://s3-eu-north-1-derc-wmi-crowdlabel-production.s3.eu-north-1.amazonaws.com/tii_vqa_15vffxah2zbnlum1.png,is the rubber hard hat the same color as the small rubber crane?,"{'a': 'True', 'b': 'False'}",b,"['a', 'b']"
180,WeTybNmxY0I6lY2V,en,vqa,numeric,music,2,https://s3-eu-north-1-derc-wmi-crowdlabel-production.s3.eu-north-1.amazonaws.com/tii_vqa_9ogbozp0lyfezgt9.png,what number of guitars are either metal objects or cyan rubber things?,"{'a': '3', 'b': '4'}",a,"['b', 'a']"
181,hp1MJXS49yYSCVo0,en,vqa,numeric,animals,2,https://s3-eu-north-1-derc-wmi-crowdlabel-production.s3.eu-north-1.amazonaws.com/tii_vqa_fok7cb55sa18ryxx.png,what number of objects are the same size as the green dog?,"{'a': '5', 'b': '4'}",b,"['b', 'b', 'b', 'a']"
182,q5WQzxIK3JdZrw8K,en,vqa,numeric,construction-site,2,https://s3-eu-north-1-derc-wmi-crowdlabel-production.s3.eu-north-1.amazonaws.com/tii_vqa_j68e1m6uoblt4x6z.png,how many big things have the same material as the small cyan thing?,"{'a': '2', 'b': '3'}",a,"['a', 'a', 'b']"
183,H6d2KfM73rhKBrTD,en,vqa,numeric,fashion,2,https://s3-eu-north-1-derc-wmi-crowdlabel-production.s3.eu-north-1.amazonaws.com/tii_vqa_6weca4xhp41720io.png,how many large objects are either blue rubber bags or rubber pants?,"{'a': '2', 'b': '1'}",b,"['a', 'b', 'b']"
184,BpKjVQalbRuyk6sg,en,vqa,mcq,garage-workshop,4,https://s3-eu-north-1-derc-wmi-crowdlabel-production.s3.eu-north-1.amazonaws.com/tii_vqa_5b4tzvf7mq9i4cj7.png,what color is the rubber tire?,"{'a': 'blue', 'b': 'brown', 'c': 'cyan'}",b,"['b', 'a', 'a']"
185,igKBxNGXaxu1ZM4m,en,vqa,true-false,kitchen,1,https://s3-eu-north-1-derc-wmi-crowdlabel-production.s3.eu-north-1.amazonaws.com/tii_vqa_533cn0auhpv2ar5h.png,is the number of large gray rubber saucepans greater than the number of rubber objects?,"{'a': 'True', 'b': 'False'}",b,"['a', 'a', 'a', 'b', 'a', 'b']"
186,PrOboDvbPYMjsqjy,en,vqa,mcq,living-room,3,https://s3-eu-north-1-derc-wmi-crowdlabel-production.s3.eu-north-1.amazonaws.com/tii_vqa_uc30mqaj77pjupd9.png,the thing that is the same color as the rubber television is what size?,"{'a': 'large', 'b': 'small'}",b,"['b', 'a', 'a']"
187,57eF9AbTMNT2rfXv,en,vqa,numeric,medical-field,2,https://s3-eu-north-1-derc-wmi-crowdlabel-production.s3.eu-north-1.amazonaws.com/tii_vqa_kcz6akfjlqanea8a.png,how many other objects are there of the same shape as the red rubber thing?,"{'a': '2', 'b': '3'}",a,"['b', 'b', 'a']"
188,kASGhclpBvvla5mk,en,vqa,true-false,music,1,https://s3-eu-north-1-derc-wmi-crowdlabel-production.s3.eu-north-1.amazonaws.com/tii_vqa_4kr105rrvd66xlie.png,is there any other thing that has the same size as the red metal violin?,"{'a': 'False', 'b': 'True'}",b,"['b', 'a', 'a', 'a']"
189,tKZ1W1irxI88p8QV,en,vqa,numeric,office,2,https://s3-eu-north-1-derc-wmi-crowdlabel-production.s3.eu-north-1.amazonaws.com/tii_vqa_9jnr9g1y8hrhqu5j.png,what number of other objects are the same material as the big blue object?,"{'a': '0', 'b': '1'}",b,"['a', 'a', 'a', 'b', 'b']"
190,cev3oiF2oXPPrbIv,en,vqa,mcq,school,4,https://s3-eu-north-1-derc-wmi-crowdlabel-production.s3.eu-north-1.amazonaws.com/tii_vqa_xb47la720mz89h6x.png,what shape is the blue metal thing that is the same size as the gray thing?,"{'a': 'lunch box', 'b': 'notebook', 'c': 'pencil'}",c,"['c', 'c', 'a', 'a']"
191,UG0wD3EFl79vZeD9,en,vqa,mcq,uae,4,https://s3-eu-north-1-derc-wmi-crowdlabel-production.s3.eu-north-1.amazonaws.com/tii_vqa_55jauzx4ho5m11j2.png,there is a metal object that is the same color as the tiny metal camel; what shape is it?,"{'a': 'camel', 'b': 'dallah', 'c': 'falcon stand', 'd': 'bedouin tent'}",a,"['a', 'a']"
192,MSLwV6zapkeHQMnP,en,vqa,numeric,underwater,2,https://s3-eu-north-1-derc-wmi-crowdlabel-production.s3.eu-north-1.amazonaws.com/tii_vqa_yknf6rc7kdi8ef9r.png,what number of other objects are the same material as the blue starfish?,"{'a': '3', 'b': '2'}",b,"['b', 'b', 'a', 'b']"
193,5iPMCfToWYfYtoRW,en,vqa,mcq,living-room,3,https://s3-eu-north-1-derc-wmi-crowdlabel-production.s3.eu-north-1.amazonaws.com/tii_vqa_gjti27n70hxrr7xc.png,there is a red metal object that is the same shape as the tiny purple thing; what is its size?,"{'a': 'large', 'b': 'small'}",b,"['a', 'a', 'b']"
194,IouIPyH0MfnsIVxt,en,vqa,true-false,medical-field,1,https://s3-eu-north-1-derc-wmi-crowdlabel-production.s3.eu-north-1.amazonaws.com/tii_vqa_2wqgky0lr3gebuxk.png,do the tiny blue thing and the cyan iv fluid bag have the same material?,"{'a': 'False', 'b': 'True'}",b,"['b', 'b', 'b']"
195,7AnIHaAbkeTHGpc7,en,vqa,numeric,music,2,https://s3-eu-north-1-derc-wmi-crowdlabel-production.s3.eu-north-1.amazonaws.com/tii_vqa_ui93kpi2n8z235ah.png,how many small objects are gray metal objects or rubber objects?,"{'a': '3', 'b': '4'}",a,"['a', 'b']"
196,AJdDrMn3ZnuDDGdj,en,vqa,mcq,animals,3,https://s3-eu-north-1-derc-wmi-crowdlabel-production.s3.eu-north-1.amazonaws.com/tii_vqa_dm0rfw47n2rys56c.png,what is the tiny bird made of?,"{'a': 'metal', 'b': 'rubber'}",b,"['a', 'a']"
197,b86akK7MSUyVJvwH,en,vqa,numeric,construction-site,2,https://s3-eu-north-1-derc-wmi-crowdlabel-production.s3.eu-north-1.amazonaws.com/tii_vqa_9rf3re0i5ucr7qez.png,what number of red things are tiny hard hats or big rubber objects?,"{'a': '3', 'b': '4'}",a,"['a', 'a', 'a', 'a', 'a']"
198,AOOGDZwabuNlmurO,en,vqa,numeric,fashion,2,https://s3-eu-north-1-derc-wmi-crowdlabel-production.s3.eu-north-1.amazonaws.com/tii_vqa_lrkz9cfb4ypnopko.png,what number of things have the same material as the tiny cyan shoe?,"{'a': '5', 'b': '4'}",b,"['a', 'a', 'a', 'a', 'b']"
199,zc4f1bG04KQp4cHa,en,vqa,true-false,garage-workshop,1,https://s3-eu-north-1-derc-wmi-crowdlabel-production.s3.eu-north-1.amazonaws.com/tii_vqa_0sa5wa2yfchp3bdc.png,is there a tire?,"{'a': 'True', 'b': 'False'}",a,"['b', 'a', 'a']"
200,Su85sT2JECXsZDV5,en,vqa,mcq,kitchen,4,https://s3-eu-north-1-derc-wmi-crowdlabel-production.s3.eu-north-1.amazonaws.com/tii_vqa_7p34lw9mblhvgiog.png,what is the shape of the purple rubber object that is the same size as the purple metal plate?,"{'a': 'fork', 'b': 'plate', 'c': 'saucepan', 'd': 'spatula'}",b,"['b', 'a', 'b']"
201,FFLT7HDVYmRdYTya,en,vqa,numeric,living-room,2,https://s3-eu-north-1-derc-wmi-crowdlabel-production.s3.eu-north-1.amazonaws.com/tii_vqa_lpqxez01heroipx1.png,how many small metal things are the same color as the tiny rubber object?,"{'a': '3', 'b': '4'}",a,"['a', 'b', 'b', 'b', 'a']"
202,fblmyFe0SAzsULYl,en,vqa,true-false,medical-field,1,https://s3-eu-north-1-derc-wmi-crowdlabel-production.s3.eu-north-1.amazonaws.com/tii_vqa_96lb4kee4wqb2ubi.png,are any green things visible?,"{'a': 'False', 'b': 'True'}",b,"['a', 'b', 'b']"
203,qWImTcOkyuu1bIHK,en,vqa,numeric,music,2,https://s3-eu-north-1-derc-wmi-crowdlabel-production.s3.eu-north-1.amazonaws.com/tii_vqa_4y1prswg6itt826n.png,what number of things are tiny cyan rubber flutes or big blue rubber things?,"{'a': '3', 'b': '2'}",b,"['b', 'b']"
204,sTXXnfvM43wnt4ZZ,en,vqa,true-false,office,1,https://s3-eu-north-1-derc-wmi-crowdlabel-production.s3.eu-north-1.amazonaws.com/tii_vqa_bjaw502m89xw202a.png,are the big brown thing and the green object made of the same material?,"{'a': 'True', 'b': 'False'}",a,"['a', 'b', 'b']"
205,ShXc5VursW0KZk7e,en,vqa,mcq,school,3,https://s3-eu-north-1-derc-wmi-crowdlabel-production.s3.eu-north-1.amazonaws.com/tii_vqa_g5jlpp2wecma8c5v.png,there is a pencil that is the same size as the ruler; what material is it?,"{'a': 'metal', 'b': 'rubber'}",a,['b']
206,8HWRhxI3EjJ9yNTL,en,vqa,numeric,uae,2,https://s3-eu-north-1-derc-wmi-crowdlabel-production.s3.eu-north-1.amazonaws.com/tii_vqa_0ky4mtz5tku412t3.png,how many other objects have the same material as the green thing?,"{'a': '3', 'b': '2'}",a,"['a', 'a', 'b', 'b']"
207,y3kexqVG38NlfqHv,en,vqa,true-false,underwater,1,https://s3-eu-north-1-derc-wmi-crowdlabel-production.s3.eu-north-1.amazonaws.com/tii_vqa_h819ufvm8dw77e28.png,does the yellow coral have the same size as the yellow starfish?,"{'a': 'False', 'b': 'True'}",b,"['b', 'a', 'a', 'b']"
208,ddB8rt8uhzPNK91O,en,vqa,mcq,garage-workshop,4,https://s3-eu-north-1-derc-wmi-crowdlabel-production.s3.eu-north-1.amazonaws.com/tii_vqa_hovath2p1jyls8u9.png,there is a big object that is the same material as the small gray screwdriver; what shape is it?,"{'a': 'hammer', 'b': 'wrench', 'c': 'mechanic overalls', 'd': 'screwdriver'}",a,"['b', 'b']"
209,W0elRoIIVNRUUgyJ,en,vqa,true-false,garage-workshop,1,https://s3-eu-north-1-derc-wmi-crowdlabel-production.s3.eu-north-1.amazonaws.com/tii_vqa_xlz92ucohn3zwgx6.png,is there a brown metal hammer of the same size as the green metal object?,"{'a': 'True', 'b': 'False'}",b,['b']
210,IaXLFxxHpvv2ePTh,en,vqa,numeric,school,2,https://s3-eu-north-1-derc-wmi-crowdlabel-production.s3.eu-north-1.amazonaws.com/tii_vqa_3xzgmxhnu68sk5it.png,how many gray things are either rubber things or backpacks?,"{'a': '4', 'b': '3'}",b,['b']
211,oxwLj5FxIBCsL16G,en,vqa,mcq,animals,3,https://s3-eu-north-1-derc-wmi-crowdlabel-production.s3.eu-north-1.amazonaws.com/tii_vqa_162zeeefpq16aj5p.png,there is another blue object that is the same shape as the tiny blue metal thing; what material is it?,"{'a': 'metal', 'b': 'rubber'}",b,"['a', 'b', 'b', 'b']"
212,X40TexClTZRcv3TN,en,vqa,mcq,construction-site,3,https://s3-eu-north-1-derc-wmi-crowdlabel-production.s3.eu-north-1.amazonaws.com/tii_vqa_kbxi21p5daynei25.png,what material is the bulldozer that is the same color as the tiny rubber hard hat?,"{'a': 'rubber', 'b': 'metal'}",a,"['a', 'b', 'a', 'a']"
213,CGqtnexdO2laFkZW,en,vqa,numeric,fashion,2,https://s3-eu-north-1-derc-wmi-crowdlabel-production.s3.eu-north-1.amazonaws.com/tii_vqa_6qegmhvzq0nixosk.png,how many bags are tiny blue rubber objects or rubber things?,"{'a': '1', 'b': '2'}",b,"['a', 'a', 'b']"
214,jYyf7Le7dauPw4IP,en,vqa,true-false,garage-workshop,1,https://s3-eu-north-1-derc-wmi-crowdlabel-production.s3.eu-north-1.amazonaws.com/tii_vqa_2i94pqoi4gf63t7c.png,are there any objects that have the same color as the hammer?,"{'a': 'True', 'b': 'False'}",b,"['a', 'b', 'b']"
215,x5NEoJAblRklTO4X,en,vqa,mcq,kitchen,3,https://s3-eu-north-1-derc-wmi-crowdlabel-production.s3.eu-north-1.amazonaws.com/tii_vqa_znq3emoajh3u7ry2.png,the gray thing that is made of the same material as the cyan thing is what size?,"{'a': 'large', 'b': 'small'}",a,"['b', 'a', 'b', 'a']"
216,6DAcSFPUHnZdixLn,en,vqa,mcq,living-room,4,https://s3-eu-north-1-derc-wmi-crowdlabel-production.s3.eu-north-1.amazonaws.com/tii_vqa_672g69vc7p5fuoaz.png,what shape is the green rubber thing?,"{'a': 'television', 'b': 'floor lamp', 'c': 'coffee table', 'd': 'bookshelf'}",d,['d']
217,wa4VyszYlsHMcaSU,en,vqa,mcq,medical-field,3,https://s3-eu-north-1-derc-wmi-crowdlabel-production.s3.eu-north-1.amazonaws.com/tii_vqa_zsv9tqd93bo2jhaf.png,what is the size of the green medicine bottle that is made of the same material as the cyan medicine bottle?,"{'a': 'large', 'b': 'small'}",a,"['b', 'a', 'a']"
218,Zxiqxc5f15ScSAyB,en,vqa,numeric,music,2,https://s3-eu-north-1-derc-wmi-crowdlabel-production.s3.eu-north-1.amazonaws.com/tii_vqa_ugl3n57w2q2o5vzr.png,how many tiny objects are either mics or yellow things?,"{'a': '3', 'b': '1'}",b,"['a', 'b']"
219,rZ1NoUNpRbYZi1JL,en,vqa,mcq,office,4,https://s3-eu-north-1-derc-wmi-crowdlabel-production.s3.eu-north-1.amazonaws.com/tii_vqa_af2obgt5senpxblh.png,the rubber chair is what color?,"{'a': 'purple', 'b': 'cyan', 'c': 'red', 'd': 'gray'}",a,"['a', 'b', 'a']"
220,Q8B30hKboalMmQHV,en,vqa,numeric,school,2,https://s3-eu-north-1-derc-wmi-crowdlabel-production.s3.eu-north-1.amazonaws.com/tii_vqa_9jgrfll305s52kp1.png,how many notebooks are either small rubber objects or big things?,"{'a': '1', 'b': '2'}",a,"['b', 'a', 'b', 'a']"
221,zbvIcOu0fa9exy2m,en,vqa,numeric,uae,2,https://s3-eu-north-1-derc-wmi-crowdlabel-production.s3.eu-north-1.amazonaws.com/tii_vqa_4e5o1fo1lnsua7ar.png,how many blue things are there?,"{'a': '2', 'b': '3'}",a,"['b', 'b', 'a', 'a', 'a']"
222,702pw34JJb24jfTe,en,vqa,mcq,underwater,4,https://s3-eu-north-1-derc-wmi-crowdlabel-production.s3.eu-north-1.amazonaws.com/tii_vqa_1gjsa8mvodymw9s2.png,the tiny turtle that is made of the same material as the big green snorkel is what color?,"{'a': 'yellow', 'b': 'blue', 'c': 'green', 'd': 'purple', 'e': 'gray'}",a,"['a', 'a', 'a']"
223,J7Lu1qIfzBBCWuVy,en,vqa,mcq,school,3,https://s3-eu-north-1-derc-wmi-crowdlabel-production.s3.eu-north-1.amazonaws.com/tii_vqa_qr1evmn6ehlooqzb.png,there is a tiny yellow object that is the same shape as the purple thing; what material is it?,"{'a': 'metal', 'b': 'rubber'}",b,"['a', 'a', 'b', 'a', 'a', 'b', 'b', 'b']"
224,B4PZR0osxtnH3AiO,en,vqa,true-false,living-room,1,https://s3-eu-north-1-derc-wmi-crowdlabel-production.s3.eu-north-1.amazonaws.com/tii_vqa_b6amv2ow62p892pl.png,do the brown metal object and the green thing have the same shape?,"{'a': 'True', 'b': 'False'}",b,"['b', 'b', 'b', 'a']"
225,TnjE9ecVMQ8eJfLR,en,vqa,numeric,underwater,2,https://s3-eu-north-1-derc-wmi-crowdlabel-production.s3.eu-north-1.amazonaws.com/tii_vqa_lx2xx5cbbtb9c66p.png,what number of other things are there of the same size as the starfish?,"{'a': '4', 'b': '6'}",a,"['b', 'a', 'a']"
226,PWZVRyGtLUQ5oSGa,en,vqa,true-false,animals,1,https://s3-eu-north-1-derc-wmi-crowdlabel-production.s3.eu-north-1.amazonaws.com/tii_vqa_xt4wujjmujegueyn.png,is the number of big gray objects greater than the number of metal dogs?,"{'a': 'True', 'b': 'False'}",b,"['a', 'b']"
227,AbCNQNmkKb5q4Mc7,en,vqa,numeric,construction-site,2,https://s3-eu-north-1-derc-wmi-crowdlabel-production.s3.eu-north-1.amazonaws.com/tii_vqa_mtkq0hxwmp3h183c.png,how many tiny rubber hard hats have the same color as the large rubber hard hat?,"{'a': '1', 'b': '0'}",b,"['b', 'a', 'b', 'a', 'a', 'b']"
228,XQeBWMwEyvWew7Cx,en,vqa,mcq,fashion,4,https://s3-eu-north-1-derc-wmi-crowdlabel-production.s3.eu-north-1.amazonaws.com/tii_vqa_keofaoej5gzb22ti.png,there is a purple object that is the same material as the small brown thing; what shape is it?,"{'a': 'hat', 'b': 'pants', 'c': 'shirt', 'd': 'shoe'}",d,['d']
229,PkpbwOumZKzWRVnf,en,vqa,true-false,garage-workshop,1,https://s3-eu-north-1-derc-wmi-crowdlabel-production.s3.eu-north-1.amazonaws.com/tii_vqa_g9nwamk7c3lyo4cw.png,do the small tire and the large metal tire have the same color?,"{'a': 'True', 'b': 'False'}",b,"['a', 'b', 'b']"
230,9k5JzrBob4p6AC1f,en,vqa,numeric,kitchen,2,https://s3-eu-north-1-derc-wmi-crowdlabel-production.s3.eu-north-1.amazonaws.com/tii_vqa_ahe45ros3ctm04ky.png,how many yellow plates are made of the same material as the big brown spatula?,"{'a': '0', 'b': '1'}",a,"['a', 'a', 'a']"
231,ziIuzoqbwXhMVA7i,en,vqa,mcq,living-room,3,https://s3-eu-north-1-derc-wmi-crowdlabel-production.s3.eu-north-1.amazonaws.com/tii_vqa_0wg07c97zvusp1ds.png,the brown thing that is the same material as the cyan object is what size?,"{'a': 'small', 'b': 'large'}",b,"['a', 'b', 'b', 'b']"
232,b6bnUNcz1Ahlm8gn,en,vqa,mcq,medical-field,3,https://s3-eu-north-1-derc-wmi-crowdlabel-production.s3.eu-north-1.amazonaws.com/tii_vqa_i6amte6ldllybu98.png,what is the purple object made of?,"{'a': 'metal', 'b': 'rubber'}",b,"['b', 'b', 'a', 'a', 'b']"
233,WhYdrYix59RGz3jP,en,vqa,mcq,music,4,https://s3-eu-north-1-derc-wmi-crowdlabel-production.s3.eu-north-1.amazonaws.com/tii_vqa_ii2ta7efe5xbxo3y.png,there is a metal guitar that is the same size as the cyan rubber thing; what is its color?,"{'a': 'yellow', 'b': 'blue', 'c': 'purple'}",b,"['a', 'a', 'b', 'a', 'b', 'a']"
234,d0Ayv2SJvY3dj53v,en,vqa,mcq,office,3,https://s3-eu-north-1-derc-wmi-crowdlabel-production.s3.eu-north-1.amazonaws.com/tii_vqa_joohfso590g2jgth.png,there is a big cyan object that is the same shape as the purple thing; what is it made of?,"{'a': 'metal', 'b': 'rubber'}",a,"['b', 'a', 'a']"
235,lTALleyj8L8XF42Z,en,vqa,numeric,school,2,https://s3-eu-north-1-derc-wmi-crowdlabel-production.s3.eu-north-1.amazonaws.com/tii_vqa_lptrxvl6s89qzj1b.png,what number of backpacks are either yellow rubber things or purple things?,"{'a': '2', 'b': '1'}",a,"['b', 'b', 'b']"
236,q8ezXzgAh3JZDx2l,en,vqa,true-false,uae,1,https://s3-eu-north-1-derc-wmi-crowdlabel-production.s3.eu-north-1.amazonaws.com/tii_vqa_1wrgoas8m25kxujc.png,is there any other thing that is the same material as the cyan falcon?,"{'a': 'True', 'b': 'False'}",b,"['a', 'b']"
237,RDA4m5Ex6SeuAJaL,en,vqa,mcq,underwater,3,https://s3-eu-north-1-derc-wmi-crowdlabel-production.s3.eu-north-1.amazonaws.com/tii_vqa_6rcdil0usv5cspa8.png,what material is the small brown thing?,"{'a': 'rubber', 'b': 'metal'}",b,['b']
238,VhMc1M10pzN1Xk2T,en,vqa,mcq,medical-field,4,https://s3-eu-north-1-derc-wmi-crowdlabel-production.s3.eu-north-1.amazonaws.com/tii_vqa_l3v0b7g8uxa3xdi3.png,what color is the big rubber object?,"{'a': 'green', 'b': 'cyan', 'c': 'purple', 'd': 'blue'}",d,"['d', 'd']"
239,mxidWGD9hz7VZNAd,en,vqa,true-false,medical-field,1,https://s3-eu-north-1-derc-wmi-crowdlabel-production.s3.eu-north-1.amazonaws.com/tii_vqa_ht4uxmb42dt7pxty.png,is there any other thing that is the same shape as the purple object?,"{'a': 'True', 'b': 'False'}",a,"['b', 'a']"
240,1jtYcFq0aS9jnthH,en,vqa,numeric,living-room,2,https://s3-eu-north-1-derc-wmi-crowdlabel-production.s3.eu-north-1.amazonaws.com/tii_vqa_20byv0j8yuqfyhgl.png,what number of cyan objects are either floor lamps or rubber objects?,"{'a': '4', 'b': '3'}",b,"['b', 'a']"
241,8952Ok7f2tE9Yw3m,en,vqa,true-false,animals,1,https://s3-eu-north-1-derc-wmi-crowdlabel-production.s3.eu-north-1.amazonaws.com/tii_vqa_57gj72o790srtqnd.png,do the blue thing and the small yellow metal object have the same shape?,"{'a': 'True', 'b': 'False'}",b,"['a', 'a', 'a']"
242,Mc48E7MfgPnOzPk8,en,vqa,mcq,construction-site,4,https://s3-eu-north-1-derc-wmi-crowdlabel-production.s3.eu-north-1.amazonaws.com/tii_vqa_76y8gj9prrfw8rmu.png,what is the color of the other rubber thing that is the same shape as the cyan rubber object?,"{'a': 'gray', 'b': 'green', 'c': 'red', 'd': 'purple'}",d,"['a', 'a', 'd', 'a', 'd']"
243,crjla6DEG54TUPKL,en,vqa,true-false,fashion,1,https://s3-eu-north-1-derc-wmi-crowdlabel-production.s3.eu-north-1.amazonaws.com/tii_vqa_09yz89sqcrfybp7q.png,is there anything else of the same color as the metal shoe?,"{'a': 'False', 'b': 'True'}",a,"['b', 'a', 'b', 'a', 'a']"
244,SOXkMhOTT1Of2sgM,en,vqa,numeric,garage-workshop,2,https://s3-eu-north-1-derc-wmi-crowdlabel-production.s3.eu-north-1.amazonaws.com/tii_vqa_hd9un6mc2zrn93se.png,how many metal things are either things or big brown things?,"{'a': '5', 'b': '7'}",a,"['a', 'b', 'b']"
245,A4D6FUR1AYknpUnz,en,vqa,numeric,kitchen,2,https://s3-eu-north-1-derc-wmi-crowdlabel-production.s3.eu-north-1.amazonaws.com/tii_vqa_ry91yv7yrzu7frpi.png,what number of objects are cyan metal saucepans or rubber objects?,"{'a': '5', 'b': '4'}",b,"['b', 'a', 'a', 'a', 'b']"
246,AzyUHeSI2PNPTTFn,en,vqa,numeric,living-room,2,https://s3-eu-north-1-derc-wmi-crowdlabel-production.s3.eu-north-1.amazonaws.com/tii_vqa_12s7tfw07y240tha.png,what number of other things are there of the same color as the big metal floor lamp?,"{'a': '2', 'b': '3'}",a,"['b', 'a', 'a']"
247,NP2plZIh1w78i8Vk,en,vqa,true-false,medical-field,1,https://s3-eu-north-1-derc-wmi-crowdlabel-production.s3.eu-north-1.amazonaws.com/tii_vqa_jlj6g1z9gaatrwcm.png,is the number of brown rubber medicine bottles greater than the number of medicine bottles?,"{'a': 'False', 'b': 'True'}",a,"['b', 'a']"
248,PTEp0KvpmQqhOshA,en,vqa,mcq,music,3,https://s3-eu-north-1-derc-wmi-crowdlabel-production.s3.eu-north-1.amazonaws.com/tii_vqa_s1ma3y67pgrnif1m.png,what material is the big green guitar?,"{'a': 'metal', 'b': 'rubber'}",b,"['b', 'b', 'b']"
249,BebFAP2Eo8aABBOd,en,vqa,mcq,office,3,https://s3-eu-north-1-derc-wmi-crowdlabel-production.s3.eu-north-1.amazonaws.com/tii_vqa_gjtxxk00mjj71ejj.png,what size is the rubber laptop that is the same color as the small rubber pen holder?,"{'a': 'small', 'b': 'large'}",a,"['b', 'b', 'b', 'a']"
250,rcWDOzS4JoazuiGG,en,vqa,true-false,school,1,https://s3-eu-north-1-derc-wmi-crowdlabel-production.s3.eu-north-1.amazonaws.com/tii_vqa_9znfhyv3059cjh1u.png,is there any other thing that has the same shape as the small brown object?,"{'a': 'False', 'b': 'True'}",a,"['a', 'b', 'a']"
251,C3li3ptMAq6KJgan,en,vqa,mcq,uae,4,https://s3-eu-north-1-derc-wmi-crowdlabel-production.s3.eu-north-1.amazonaws.com/tii_vqa_ey2acfj6axsza091.png,what is the shape of the small green thing?,"{'a': 'bedouin tent', 'b': 'dallah', 'c': 'falcon', 'd': 'camel'}",b,"['b', 'b', 'b', 'b']"
252,kNutTdQpFS7Pks4l,en,vqa,true-false,underwater,1,https://s3-eu-north-1-derc-wmi-crowdlabel-production.s3.eu-north-1.amazonaws.com/tii_vqa_yzao84iabof4yzdf.png,is there a metal snorkel that has the same size as the cyan rubber snorkel?,"{'a': 'True', 'b': 'False'}",b,"['a', 'b', 'b', 'a']"
253,LAhQRd3OmylqZ8P5,en,vqa,mcq,medical-field,4,https://s3-eu-north-1-derc-wmi-crowdlabel-production.s3.eu-north-1.amazonaws.com/tii_vqa_5oovo5jqingzvfyy.png,there is another object that is the same shape as the big purple rubber thing; what is its color?,"{'a': 'red', 'b': 'brown', 'c': 'gray', 'd': 'cyan'}",c,"['c', 'c']"
254,lZXOevNmfJbRVwnI,en,vqa,true-false,uae,1,https://s3-eu-north-1-derc-wmi-crowdlabel-production.s3.eu-north-1.amazonaws.com/tii_vqa_bhwvczsp2p95ot9d.png,is there a purple thing?,"{'a': 'True', 'b': 'False'}",a,"['a', 'a', 'a']"
255,nTb1Irjtzj8jiMup,en,vqa,numeric,living-room,2,https://s3-eu-north-1-derc-wmi-crowdlabel-production.s3.eu-north-1.amazonaws.com/tii_vqa_p0u3m6jrtslrpjtq.png,what number of tiny objects have the same material as the tiny sofa?,"{'a': '1', 'b': '0'}",a,"['b', 'a', 'a', 'b', 'b']"
256,a3yhPNID9iEBKry7,en,vqa,true-false,animals,1,https://s3-eu-north-1-derc-wmi-crowdlabel-production.s3.eu-north-1.amazonaws.com/tii_vqa_vkrekocflkaz9ndm.png,is there a big cyan metal bird?,"{'a': 'False', 'b': 'True'}",a,"['b', 'b', 'a', 'b', 'a', 'b']"
257,2kt3DK91tGLVQqSb,en,vqa,numeric,construction-site,2,https://s3-eu-north-1-derc-wmi-crowdlabel-production.s3.eu-north-1.amazonaws.com/tii_vqa_fzm8bw7p1jw9gwb7.png,how many objects are made of the same material as the green traffic cone?,"{'a': '3', 'b': '5'}",a,"['b', 'b', 'b', 'b', 'a']"
258,Dlxa4eWP8SUS76JP,en,vqa,true-false,fashion,1,https://s3-eu-north-1-derc-wmi-crowdlabel-production.s3.eu-north-1.amazonaws.com/tii_vqa_n21ab6lix72frj62.png,is the number of large green things greater than the number of blue shirts?,"{'a': 'True', 'b': 'False'}",a,['a']
259,1ORztaF5J8R0bOwM,en,vqa,mcq,garage-workshop,4,https://s3-eu-north-1-derc-wmi-crowdlabel-production.s3.eu-north-1.amazonaws.com/tii_vqa_wbud7t7zzydl5qfn.png,what is the shape of the gray rubber thing that is the same size as the brown rubber object?,"{'a': 'tire', 'b': 'mechanic overalls', 'c': 'wrench', 'd': 'hammer'}",c,"['c', 'a']"
260,oArjR9hr7V6JK0Ht,en,vqa,true-false,kitchen,1,https://s3-eu-north-1-derc-wmi-crowdlabel-production.s3.eu-north-1.amazonaws.com/tii_vqa_4binjztei4mdny6y.png,is there another cyan rubber plate of the same size as the plate?,"{'a': 'False', 'b': 'True'}",a,"['b', 'b', 'a', 'a', 'a']"
261,hJ3g3UbNbHbrnzl1,en,vqa,mcq,living-room,4,https://s3-eu-north-1-derc-wmi-crowdlabel-production.s3.eu-north-1.amazonaws.com/tii_vqa_9bd9njjtx12d64qd.png,there is a gray rubber object that is the same size as the purple metal object; what shape is it?,"{'a': 'coffee table', 'b': 'bookshelf', 'c': 'floor lamp'}",a,['a']
262,rUkvMjuk5DcjNqxo,en,vqa,mcq,medical-field,3,https://s3-eu-north-1-derc-wmi-crowdlabel-production.s3.eu-north-1.amazonaws.com/tii_vqa_4a59kuwz8ktmdbs4.png,there is a green object that is the same shape as the blue metal thing; what is its material?,"{'a': 'rubber', 'b': 'metal'}",a,"['b', 'a', 'a']"
263,tINYbtxl4eWXV6EZ,en,vqa,mcq,music,3,https://s3-eu-north-1-derc-wmi-crowdlabel-production.s3.eu-north-1.amazonaws.com/tii_vqa_gmkhxe5ouxzsfoab.png,there is a large green object that is the same shape as the big purple thing; what is its material?,"{'a': 'rubber', 'b': 'metal'}",b,['a']
264,TVqsVthSTEVjHTc3,en,vqa,true-false,office,1,https://s3-eu-north-1-derc-wmi-crowdlabel-production.s3.eu-north-1.amazonaws.com/tii_vqa_aenokntjmufy3a2x.png,do the gray rubber thing and the brown metal thing have the same size?,"{'a': 'True', 'b': 'False'}",a,"['b', 'b', 'a', 'a']"
265,novne4FubpO3PerO,en,vqa,true-false,school,1,https://s3-eu-north-1-derc-wmi-crowdlabel-production.s3.eu-north-1.amazonaws.com/tii_vqa_le7k19vlg3fb3z58.png,are there fewer cyan rubber things than purple rubber backpacks?,"{'a': 'True', 'b': 'False'}",b,"['a', 'b', 'a', 'a', 'a', 'a', 'b']"
266,TpHhvSeF6MRGp6zJ,en,vqa,true-false,uae,1,https://s3-eu-north-1-derc-wmi-crowdlabel-production.s3.eu-north-1.amazonaws.com/tii_vqa_3hrlln3sxqn0srj4.png,are there any purple objects of the same size as the blue rubber object?,"{'a': 'False', 'b': 'True'}",b,['b']
267,M3v95SbcIvRHJeO2,en,vqa,mcq,underwater,3,https://s3-eu-north-1-derc-wmi-crowdlabel-production.s3.eu-north-1.amazonaws.com/tii_vqa_e2p161uiu19kd51t.png,the cyan rubber snorkel has what size?,"{'a': 'large', 'b': 'small'}",b,['b']
268,KHZY5UkR9ymgZ8xR,en,vqa,mcq,garage-workshop,4,https://s3-eu-north-1-derc-wmi-crowdlabel-production.s3.eu-north-1.amazonaws.com/tii_vqa_ssjk19favwumr3kl.png,there is another tiny screwdriver that is the same material as the brown screwdriver; what is its color?,"{'a': 'gray', 'b': 'green', 'c': 'yellow', 'd': 'purple', 'e': 'blue'}",d,"['a', 'd']"
269,Pic8hSh7NHlbcjfN,en,vqa,true-false,fashion,1,https://s3-eu-north-1-derc-wmi-crowdlabel-production.s3.eu-north-1.amazonaws.com/tii_vqa_e88jzt6e25unskib.png,is there another big gray thing made of the same material as the gray object?,"{'a': 'False', 'b': 'True'}",a,"['b', 'a', 'a']"
270,LfJmUvcR8vgLn1b9,en,vqa,numeric,medical-field,2,https://s3-eu-north-1-derc-wmi-crowdlabel-production.s3.eu-north-1.amazonaws.com/tii_vqa_su2og3hq4zn83lzg.png,what number of other objects are there of the same size as the yellow object?,"{'a': '1', 'b': '0'}",b,"['b', 'a', 'a', 'a']"
271,8BQONiWSIVZewxT2,en,vqa,numeric,animals,2,https://s3-eu-north-1-derc-wmi-crowdlabel-production.s3.eu-north-1.amazonaws.com/tii_vqa_cw9bg28r3u1c6ngy.png,what number of things are yellow metal cats or big objects?,"{'a': '2', 'b': '1'}",a,"['b', 'a']"
272,lngANsZT9CTbTLDU,en,vqa,true-false,construction-site,1,https://s3-eu-north-1-derc-wmi-crowdlabel-production.s3.eu-north-1.amazonaws.com/tii_vqa_8v49pxsyg0h3ex08.png,is there a small cyan object that has the same shape as the tiny brown rubber thing?,"{'a': 'False', 'b': 'True'}",b,"['b', 'b']"
273,Gg1d7uzWxackhVtN,en,vqa,mcq,fashion,4,https://s3-eu-north-1-derc-wmi-crowdlabel-production.s3.eu-north-1.amazonaws.com/tii_vqa_e5rbcak8ef46u6un.png,what color is the other tiny metal object that is the same shape as the small red object?,"{'a': 'green', 'b': 'yellow', 'c': 'gray'}",a,"['a', 'a']"
274,pAgB93BTFVg7axm1,en,vqa,numeric,garage-workshop,2,https://s3-eu-north-1-derc-wmi-crowdlabel-production.s3.eu-north-1.amazonaws.com/tii_vqa_qy0p91gbs0nbu6e4.png,what number of rubber things are the same size as the rubber wrench?,"{'a': '0', 'b': '1'}",b,[]
275,K5wOPQHtxn6QoiAc,en,vqa,mcq,kitchen,4,https://s3-eu-north-1-derc-wmi-crowdlabel-production.s3.eu-north-1.amazonaws.com/tii_vqa_zpvqj6qmwtvhn6t9.png,what is the shape of the purple rubber thing that is the same size as the yellow metal saucepan?,"{'a': 'spatula', 'b': 'teapot', 'c': 'fork', 'd': 'plate'}",a,['b']
276,QMFNeomrQBs0fT7q,en,vqa,numeric,living-room,2,https://s3-eu-north-1-derc-wmi-crowdlabel-production.s3.eu-north-1.amazonaws.com/tii_vqa_dgrb2em8vytxlij3.png,what number of other objects are there of the same size as the bookshelf?,"{'a': '1', 'b': '2'}",a,"['b', 'b', 'b']"
277,SFxG4FKWkB6feY7P,en,vqa,numeric,medical-field,2,https://s3-eu-north-1-derc-wmi-crowdlabel-production.s3.eu-north-1.amazonaws.com/tii_vqa_185dayde5deoh9kp.png,what number of things have the same material as the iv fluid bag?,"{'a': '4', 'b': '5'}",a,"['a', 'a', 'b']"
278,3QOBzwx9xBK80c7V,en,vqa,true-false,music,1,https://s3-eu-north-1-derc-wmi-crowdlabel-production.s3.eu-north-1.amazonaws.com/tii_vqa_v8wxrsw9c5hzecj4.png,does the blue metal violin have the same size as the brown metal mic?,"{'a': 'False', 'b': 'True'}",a,['b']
279,X1gCAQSVkQ5oujAJ,en,vqa,true-false,office,1,https://s3-eu-north-1-derc-wmi-crowdlabel-production.s3.eu-north-1.amazonaws.com/tii_vqa_scqqrw3x8ki223jj.png,is there a cyan rubber thing of the same shape as the tiny gray metal thing?,"{'a': 'False', 'b': 'True'}",a,"['b', 'a']"
280,tNr9amesybuddUXb,en,vqa,true-false,school,1,https://s3-eu-north-1-derc-wmi-crowdlabel-production.s3.eu-north-1.amazonaws.com/tii_vqa_yd1zij8iirs3jimw.png,is there any other thing that has the same shape as the gray rubber thing?,"{'a': 'True', 'b': 'False'}",a,"['b', 'a', 'b', 'a', 'a', 'a']"
281,Uak8mWx5Q2vXiVLr,en,vqa,numeric,uae,2,https://s3-eu-north-1-derc-wmi-crowdlabel-production.s3.eu-north-1.amazonaws.com/tii_vqa_6szc7dt67mwl3j9k.png,what number of other things are there of the same size as the rubber camel?,"{'a': '3', 'b': '1'}",b,"['b', 'b', 'b', 'b']"
282,FSxFmgVqYN72N3fQ,en,vqa,numeric,underwater,2,https://s3-eu-north-1-derc-wmi-crowdlabel-production.s3.eu-north-1.amazonaws.com/tii_vqa_3yubhx73yt1v9ynz.png,what number of things are either large blue rubber snorkels or large fishes?,"{'a': '2', 'b': '1'}",b,"['a', 'b', 'b', 'b', 'b']"
283,cL9ieXNZp5KLehrr,en,vqa,mcq,underwater,4,https://s3-eu-north-1-derc-wmi-crowdlabel-production.s3.eu-north-1.amazonaws.com/tii_vqa_4y79bd0fvo3ixwba.png,there is a small starfish that is made of the same material as the red thing; what is its color?,"{'a': 'gray', 'b': 'blue', 'c': 'yellow', 'd': 'purple', 'e': 'cyan'}",b,"['a', 'b', 'b']"
284,ZN9mKb563ww7nwnA,en,vqa,true-false,living-room,1,https://s3-eu-north-1-derc-wmi-crowdlabel-production.s3.eu-north-1.amazonaws.com/tii_vqa_zgjaeolbvsdkoqah.png,is there a big metal thing that has the same shape as the tiny brown metal thing?,"{'a': 'False', 'b': 'True'}",a,"['b', 'b', 'a', 'b']"
285,4d5q2vsHGCAGZhcy,en,vqa,numeric,medical-field,2,https://s3-eu-north-1-derc-wmi-crowdlabel-production.s3.eu-north-1.amazonaws.com/tii_vqa_qs4iivcx3nhsgiyu.png,what number of other things are there of the same material as the large medicine bottle,"{'a': '1', 'b': '3'}",a,"['a', 'b', 'a', 'a', 'a']"
286,xtVw7SQi7mogf2wq,en,vqa,true-false,animals,1,https://s3-eu-north-1-derc-wmi-crowdlabel-production.s3.eu-north-1.amazonaws.com/tii_vqa_pauyfc17lvs8zrdn.png,are there any other things that are the same material as the small red object?,"{'a': 'True', 'b': 'False'}",a,"['b', 'a', 'a']"
287,P4SfjDGmDAQceHKv,en,vqa,true-false,construction-site,1,https://s3-eu-north-1-derc-wmi-crowdlabel-production.s3.eu-north-1.amazonaws.com/tii_vqa_832inktoguppx4yw.png,is there anything else that has the same size as the hard hat?,"{'a': 'True', 'b': 'False'}",b,"['a', 'b', 'a', 'b', 'a', 'a']"
288,RwbA4fRJjl1GBEyJ,en,vqa,true-false,fashion,1,https://s3-eu-north-1-derc-wmi-crowdlabel-production.s3.eu-north-1.amazonaws.com/tii_vqa_bq90c5p4kwzd7loz.png,do the big rubber bag and the small metal hat have the same color?,"{'a': 'True', 'b': 'False'}",a,['a']
289,ppRIV7VBdD3RDuY4,en,vqa,true-false,garage-workshop,1,https://s3-eu-north-1-derc-wmi-crowdlabel-production.s3.eu-north-1.amazonaws.com/tii_vqa_spo6q9ie3emcv9pa.png,is the number of tiny metal objects less than the number of large cyan objects?,"{'a': 'False', 'b': 'True'}",b,['b']
290,pZ6N09mMVLl4QG74,en,vqa,true-false,kitchen,1,https://s3-eu-north-1-derc-wmi-crowdlabel-production.s3.eu-north-1.amazonaws.com/tii_vqa_hx16mqjlmf8qeoce.png,is there a large red rubber saucepan?,"{'a': 'True', 'b': 'False'}",b,"['b', 'a']"
291,U3RrUhDhNlRU7uzO,en,vqa,numeric,living-room,2,https://s3-eu-north-1-derc-wmi-crowdlabel-production.s3.eu-north-1.amazonaws.com/tii_vqa_b3zwn70m07kv2niv.png,what number of large things are either purple rubber bookshelfs or coffee tables?,"{'a': '3', 'b': '2'}",b,['a']
292,YzzOHaC95rICEUTk,en,vqa,numeric,medical-field,2,https://s3-eu-north-1-derc-wmi-crowdlabel-production.s3.eu-north-1.amazonaws.com/tii_vqa_kpbt8ut5ukaapbl9.png,what number of medicine bottles are yellow metal objects or metal things?,"{'a': '1', 'b': '0'}",b,"['a', 'a', 'b', 'b']"
293,ykAOCJTM7GAtVRa8,en,vqa,true-false,music,1,https://s3-eu-north-1-derc-wmi-crowdlabel-production.s3.eu-north-1.amazonaws.com/tii_vqa_ydwryjuw9w3flcb6.png,are there fewer purple things than large cyan mics?,"{'a': 'True', 'b': 'False'}",b,"['b', 'a', 'b']"
294,IgLeQyPLOYZYhupt,en,vqa,mcq,office,4,https://s3-eu-north-1-derc-wmi-crowdlabel-production.s3.eu-north-1.amazonaws.com/tii_vqa_aljl3zjk3k0rb648.png,the rubber thing that is the same color as the big laptop is what shape?,"{'a': 'pen holder', 'b': 'laptop', 'c': 'calculator', 'd': 'coffee mug'}",b,"['b', 'b', 'b', 'a', 'b']"
295,1FFt6t0NYEmizoWR,en,vqa,mcq,school,4,https://s3-eu-north-1-derc-wmi-crowdlabel-production.s3.eu-north-1.amazonaws.com/tii_vqa_c8ek8hoixrbp37xs.png,the other large rubber object that is the same shape as the large cyan thing is what color?,"{'a': 'yellow', 'b': 'brown', 'c': 'green', 'd': 'purple', 'e': 'gray'}",c,"['c', 'c', 'a', 'a', 'c', 'c']"
296,3kRvdicGT2LsRqVU,en,vqa,true-false,uae,1,https://s3-eu-north-1-derc-wmi-crowdlabel-production.s3.eu-north-1.amazonaws.com/tii_vqa_5x2tofg9kslf0z29.png,is the number of tiny cyan objects less than the number of yellow metal dallahs?,"{'a': 'False', 'b': 'True'}",a,"['b', 'b', 'b', 'b', 'b']"
297,5rDtJTTq9xb7HjhB,en,vqa,mcq,underwater,4,https://s3-eu-north-1-derc-wmi-crowdlabel-production.s3.eu-north-1.amazonaws.com/tii_vqa_wgue5q7iqet9b15x.png,there is a blue object that is made of the same material as the small purple starfish; what shape is it?,"{'a': 'fish', 'b': 'snorkel', 'c': 'coral', 'd': 'starfish', 'e': 'oxygen tank'}",d,"['a', 'a', 'd', 'd']"
298,nqUlNlFYnkiN9YXV,en,vqa,mcq,construction-site,4,https://s3-eu-north-1-derc-wmi-crowdlabel-production.s3.eu-north-1.amazonaws.com/tii_vqa_ih71a458qtr8jzr5.png,what color is the other rubber object that is the same shape as the blue rubber thing?,"{'a': 'green', 'b': 'red', 'c': 'cyan', 'd': 'yellow'}",b,"['a', 'b']"
299,mSF6jQF2j0vS6o5L,en,vqa,true-false,uae,1,https://s3-eu-north-1-derc-wmi-crowdlabel-production.s3.eu-north-1.amazonaws.com/tii_vqa_rrvxm1g4umbjavan.png,is there a rubber object of the same size as the bedouin tent?,"{'a': 'True', 'b': 'False'}",a,"['a', 'b', 'b', 'a', 'b']"
300,5yGX2uVsn32olGze,en,vqa,numeric,construction-site,2,https://s3-eu-north-1-derc-wmi-crowdlabel-production.s3.eu-north-1.amazonaws.com/tii_vqa_7kcprqvf180ifxuy.png,what number of red things are either large wheelbarrows or rubber traffic cones?,"{'a': '1', 'b': '2'}",a,"['a', 'b', 'a']"
301,5wSQjhwlo75ATrXv,en,vqa,numeric,animals,2,https://s3-eu-north-1-derc-wmi-crowdlabel-production.s3.eu-north-1.amazonaws.com/tii_vqa_1a2sfa18teqsfkbn.png,how many fishes are either metal things or gray rubber things?,"{'a': '1', 'b': '0'}",b,"['a', 'a', 'a', 'a', 'b', 'a']"
302,hZfxdqSVFE8rygCa,en,vqa,mcq,construction-site,4,https://s3-eu-north-1-derc-wmi-crowdlabel-production.s3.eu-north-1.amazonaws.com/tii_vqa_jor85q6frqzpqn17.png,there is another rubber thing that is the same size as the red thing; what is its color?,"{'a': 'gray', 'b': 'purple', 'c': 'red'}",a,"['b', 'b', 'b']"
303,wic0cUO0Bvk6L5HY,en,vqa,mcq,fashion,3,https://s3-eu-north-1-derc-wmi-crowdlabel-production.s3.eu-north-1.amazonaws.com/tii_vqa_dautqh3erh2ti71x.png,there is another metal object that is the same color as the large metal thing; what is its size?,"{'a': 'small', 'b': 'large'}",a,"['b', 'a', 'a', 'a', 'a', 'b', 'b', 'a', 'b']"
304,vRLdXevTg6M3Oy06,en,vqa,mcq,garage-workshop,4,https://s3-eu-north-1-derc-wmi-crowdlabel-production.s3.eu-north-1.amazonaws.com/tii_vqa_j54z468402q659fj.png,there is a brown rubber object that is the same size as the blue object; what is its shape?,"{'a': 'tire', 'b': 'hammer', 'c': 'wrench'}",b,['b']
305,kG4dbMsBaOoJTiN5,en,vqa,true-false,kitchen,1,https://s3-eu-north-1-derc-wmi-crowdlabel-production.s3.eu-north-1.amazonaws.com/tii_vqa_ba474r2817csr27a.png,are there any tiny blue rubber objects that have the same shape as the small red metal thing?,"{'a': 'True', 'b': 'False'}",a,"['b', 'a', 'b']"
306,J9d8aZ5JYnAYY1IZ,en,vqa,true-false,living-room,1,https://s3-eu-north-1-derc-wmi-crowdlabel-production.s3.eu-north-1.amazonaws.com/tii_vqa_skt7u0q174g5gf1h.png,are any tiny cyan rubber things visible?,"{'a': 'True', 'b': 'False'}",b,"['b', 'b', 'b', 'b']"
307,qzzN0vtwA068cJMZ,en,vqa,numeric,medical-field,2,https://s3-eu-north-1-derc-wmi-crowdlabel-production.s3.eu-north-1.amazonaws.com/tii_vqa_l304nhh0u31t68r1.png,what number of objects are there?,"{'a': '6', 'b': '5'}",b,"['a', 'b', 'b']"
308,ZQxrknBfUANK2rbm,en,vqa,mcq,music,4,https://s3-eu-north-1-derc-wmi-crowdlabel-production.s3.eu-north-1.amazonaws.com/tii_vqa_di6htt1yt25mztww.png,the blue object that is the same material as the red flute is what shape?,"{'a': 'guitar', 'b': 'flute', 'c': 'drum', 'd': 'mic', 'e': 'accordion'}",d,"['a', 'a', 'd']"
309,ZDoWpTK1UZlRzyxJ,en,vqa,numeric,office,2,https://s3-eu-north-1-derc-wmi-crowdlabel-production.s3.eu-north-1.amazonaws.com/tii_vqa_97c0r62rghfs11yc.png,how many other things are there of the same material as the large gray thing?,"{'a': '0', 'b': '1'}",b,"['a', 'b', 'b', 'b']"
310,pK7N0Q2tQHAZ9Int,en,vqa,true-false,school,1,https://s3-eu-north-1-derc-wmi-crowdlabel-production.s3.eu-north-1.amazonaws.com/tii_vqa_nndnww27wi4hc0kt.png,is there any other thing that is the same shape as the red metal object?,"{'a': 'True', 'b': 'False'}",a,"['a', 'b', 'a', 'b', 'a', 'a']"
311,8NLe4gIksnnRESeu,en,vqa,mcq,uae,4,https://s3-eu-north-1-derc-wmi-crowdlabel-production.s3.eu-north-1.amazonaws.com/tii_vqa_is5l3g8afuw0eg6q.png,there is a rubber bedouin tent that is the same size as the purple dallah; what is its color?,"{'a': 'blue', 'b': 'cyan', 'c': 'brown', 'd': 'purple'}",b,"['b', 'a']"
312,e1gfrdX9HdJSWtT9,en,vqa,true-false,underwater,1,https://s3-eu-north-1-derc-wmi-crowdlabel-production.s3.eu-north-1.amazonaws.com/tii_vqa_pof7jfsoly04b8wc.png,are there fewer big rubber oxygen tanks than large metal oxygen tanks?,"{'a': 'True', 'b': 'False'}",b,"['a', 'a', 'b', 'b', 'b']"
313,sMxYcHMsWQVHICXP,en,vqa,mcq,music,3,https://s3-eu-north-1-derc-wmi-crowdlabel-production.s3.eu-north-1.amazonaws.com/tii_vqa_qwn71nuhr04ycj2c.png,what is the material of the tiny green flute?,"{'a': 'rubber', 'b': 'metal'}",b,"['a', 'a', 'b', 'b']"
314,J74AmB8ML6onbFGK,en,vqa,true-false,underwater,1,https://s3-eu-north-1-derc-wmi-crowdlabel-production.s3.eu-north-1.amazonaws.com/tii_vqa_46ftdfmqrlh7rb0w.png,are there any other things that have the same material as the big brown thing?,"{'a': 'False', 'b': 'True'}",b,"['b', 'b', 'b', 'a', 'a', 'b']"
315,3WjobILuMQ9y04Su,en,vqa,numeric,kitchen,2,https://s3-eu-north-1-derc-wmi-crowdlabel-production.s3.eu-north-1.amazonaws.com/tii_vqa_pi7wh3dq5oz6b7by.png,what number of small spatulas have the same color as the teapot?,"{'a': '1', 'b': '0'}",a,"['a', 'a', 'a']"
316,INMTT2lpMbBCXYg0,en,vqa,true-false,animals,1,https://s3-eu-north-1-derc-wmi-crowdlabel-production.s3.eu-north-1.amazonaws.com/tii_vqa_7g8vsgluduyeyxmy.png,is there a thing of the same size as the gray rabbit?,"{'a': 'False', 'b': 'True'}",b,"['b', 'a']"
317,OoZRLQQJuu3FmsCt,en,vqa,numeric,construction-site,2,https://s3-eu-north-1-derc-wmi-crowdlabel-production.s3.eu-north-1.amazonaws.com/tii_vqa_labm5sl8pcuhrsh1.png,what number of cranes are either large brown metal objects or small objects?,"{'a': '4', 'b': '3'}",b,"['a', 'a', 'b', 'b', 'b']"
318,x4nabDMhSipDaTh4,en,vqa,numeric,fashion,2,https://s3-eu-north-1-derc-wmi-crowdlabel-production.s3.eu-north-1.amazonaws.com/tii_vqa_wy870834sym7gzdm.png,what number of other green shoes have the same material as the large shoe?,"{'a': '2', 'b': '1'}",b,"['a', 'b', 'b', 'b']"
319,d68iUZRYb5Dk6QEK,en,vqa,mcq,garage-workshop,4,https://s3-eu-north-1-derc-wmi-crowdlabel-production.s3.eu-north-1.amazonaws.com/tii_vqa_0ekss9atxj8s29kb.png,what is the color of the rubber wrench that is the same size as the brown metal tire?,"{'a': 'gray', 'b': 'blue', 'c': 'brown'}",b,"['a', 'b', 'b']"
320,7grebpxHnXLJENqi,en,vqa,numeric,kitchen,2,https://s3-eu-north-1-derc-wmi-crowdlabel-production.s3.eu-north-1.amazonaws.com/tii_vqa_euef3mdu0yufva6b.png,how many gray things are either rubber objects or large things?,"{'a': '0', 'b': '1'}",b,"['b', 'b']"
321,mNWRql03Oax5F5BP,en,vqa,mcq,living-room,3,https://s3-eu-north-1-derc-wmi-crowdlabel-production.s3.eu-north-1.amazonaws.com/tii_vqa_wr5frcrnya3gchqz.png,what is the material of the sofa that is the same color as the metal coffee table?,"{'a': 'rubber', 'b': 'metal'}",a,"['b', 'b']"
322,3F7PyoEQ5nvYyW0v,en,vqa,numeric,medical-field,2,https://s3-eu-north-1-derc-wmi-crowdlabel-production.s3.eu-north-1.amazonaws.com/tii_vqa_6a4tyj6gsusme9da.png,what number of objects have the same material as the small green hospital bed?,"{'a': '3', 'b': '4'}",a,[]
323,BJ5RSIpfSYouJ48l,en,vqa,true-false,music,1,https://s3-eu-north-1-derc-wmi-crowdlabel-production.s3.eu-north-1.amazonaws.com/tii_vqa_yf0f7l0rfci234uf.png,is there anything else that has the same size as the red metal thing?,"{'a': 'False', 'b': 'True'}",b,"['a', 'a', 'b', 'b']"
324,DFUTaKv8g9cS4Ynj,en,vqa,mcq,office,3,https://s3-eu-north-1-derc-wmi-crowdlabel-production.s3.eu-north-1.amazonaws.com/tii_vqa_8eojqboocpd5raev.png,there is a blue calculator that is the same size as the blue metal thing; what is it made of?,"{'a': 'metal', 'b': 'rubber'}",b,['b']
325,IIqloMSRn1KarvQo,en,vqa,mcq,school,4,https://s3-eu-north-1-derc-wmi-crowdlabel-production.s3.eu-north-1.amazonaws.com/tii_vqa_fqlhmcxta3awd87y.png,what shape is the blue thing?,"{'a': 'notebook', 'b': 'backpack', 'c': 'pencil', 'd': 'ruler', 'e': 'lunch box'}",a,"['b', 'b', 'a', 'b', 'a']"
326,v86mPIJDYozkTXom,en,vqa,true-false,uae,1,https://s3-eu-north-1-derc-wmi-crowdlabel-production.s3.eu-north-1.amazonaws.com/tii_vqa_5srd63vqe58fq51q.png,is there a metal dallah of the same size as the gray falcon stand?,"{'a': 'True', 'b': 'False'}",b,"['a', 'a', 'a', 'b']"
327,YXixYzP1sYRCJIPM,en,vqa,numeric,underwater,2,https://s3-eu-north-1-derc-wmi-crowdlabel-production.s3.eu-north-1.amazonaws.com/tii_vqa_95sy07lv5w0kxhqd.png,what number of big things are either brown rubber things or green objects?,"{'a': '1', 'b': '2'}",b,"['a', 'b', 'a', 'b']"
328,JvTFYjWvuHmWYdK6,en,vqa,mcq,fashion,4,https://s3-eu-north-1-derc-wmi-crowdlabel-production.s3.eu-north-1.amazonaws.com/tii_vqa_muf80uf04hmsxwtm.png,what is the shape of the object that is made of the same material as the big gray shoe?,"{'a': 'bag', 'b': 'shirt', 'c': 'shoe', 'd': 'pants', 'e': 'hat'}",a,"['a', 'a', 'b', 'a']"
329,oMYWYFbh9Z6bhzIq,en,vqa,true-false,living-room,1,https://s3-eu-north-1-derc-wmi-crowdlabel-production.s3.eu-north-1.amazonaws.com/tii_vqa_proj030h4c4cmh35.png,are there any other floor lamps of the same color as the large metal floor lamp?,"{'a': 'False', 'b': 'True'}",a,"['a', 'a', 'a']"
330,WqX436doonCVjNAr,en,vqa,numeric,garage-workshop,2,https://s3-eu-north-1-derc-wmi-crowdlabel-production.s3.eu-north-1.amazonaws.com/tii_vqa_2i94pqoi4gf63t7c.png,how many other objects are there of the same color as the rubber mechanic overalls?,"{'a': '2', 'b': '4'}",a,"['a', 'a', 'a']"
